"","row","col","corr"
"1","Ahr","Arnt",0.00349845251312279
"3","Arnt","Arntl",0.27548226920268
"10","Atf1","Atf2",0.0264688248968344
"14","Atf1","Atf3",0.0568181261259835
"15","Atf2","Atf3",0.0196892605873484
"25","Atf1","Atf7",0.0811791383727617
"26","Atf2","Atf7",0.521512255152124
"27","Atf3","Atf7",0.027892493096782
"34","Atf3","Batf",0.00194025339839546
"42","Atf3","Bbx",0.00612199440673499
"45","Batf","Bbx",0.0104104559404796
"50","Atf2","Bcl6",0.000796943061039646
"52","Atf4","Bcl6",0.00710066001617854
"55","Bbx","Bcl6",0.0250799118852164
"57","Arnt","Bhlhe40",0.1612916963794
"58","Arntl","Bhlhe40",0.100404096411854
"75","Batf","Cbfb",0.0040243937324026
"76","Bbx","Cbfb",0.00110556381984685
"87","Batf","Cdx1",0.014162706350655
"88","Bbx","Cdx1",0.00523020180213441
"95","Atf1","Creb1",0.336827004690272
"96","Atf2","Creb1",0.113572887843544
"97","Atf3","Creb1",0.0506884736030527
"99","Atf7","Creb1",0.167661302532772
"109","Atf1","Crem",0.170198512129844
"110","Atf2","Crem",0.145205899032733
"111","Atf3","Crem",0.0670755427759196
"113","Atf7","Crem",0.218294490223648
"120","Creb1","Crem",0.188648752965034
"130","Bbx","Ctcf",0.00598266876507799
"131","Bcl6","Ctcf",0.00383307935595387
"133","Cbfb","Ctcf",0.0159519081429941
"141","Atf2","Ddit3",0.021472951190939
"143","Atf4","Ddit3",0.472973359199747
"157","Atf1","E2f1",0.000638562882400677
"168","Creb1","E2f1",0.00347373442753744
"186","Creb1","E2f3",0.00129561173491366
"190","E2f1","E2f3",0.0713926537056482
"194","Atf1","E2f4",0.00256373856219828
"205","Creb1","E2f4",0.0019703095925742
"209","E2f1","E2f4",0.312153145045753
"210","E2f3","E2f4",0.0383584084359013
"214","Atf1","Egr1",0.00483916254289939
"226","Crem","Egr1",0.0154288513926622
"229","E2f1","Egr1",0.0308041876614613
"237","Atf3","Egr2",0.000445146316396377
"247","Crem","Egr2",0.0112077240574376
"250","E2f1","Egr2",0.018925778360995
"253","Egr1","Egr2",0.468035263706072
"254","Ahr","Elf1",0.00255545094274566
"255","Arnt","Elf1",0.00115796004722152
"257","Atf1","Elf1",0.0133169013149535
"273","E2f3","Elf1",0.0206598619804816
"278","Arnt","Elf2",0.00850805844683979
"283","Atf4","Elf2",0.0039009399916297
"287","Bcl6","Elf2",0.00684979464035741
"289","Cbfb","Elf2",0.00273773273104065
"293","Ctcf","Elf2",0.0279661138816091
"300","Elf1","Elf2",0.125275980224188
"324","Elf1","Elf4",0.0966375587808694
"325","Elf2","Elf4",0.207144449692011
"349","Elf1","Elk1",0.0853942943049944
"350","Elf2","Elk1",0.0682320226847012
"351","Elf4","Elk1",0.107048454219761
"377","Elf4","Elk3",0.137270809718157
"378","Elk1","Elk3",0.264758753830769
"380","Arnt","Elk4",0.00145369252834181
"398","E2f3","Elk4",0.00615443577147884
"402","Elf1","Elk4",0.105224088431575
"403","Elf2","Elk4",0.0729352949274818
"405","Elk1","Elk4",0.10392105629059
"406","Elk3","Elk4",0.102349215218387
"408","Arnt","Ets1",0.000387098807161143
"411","Atf2","Ets1",0.000127344069162258
"413","Atf4","Ets1",0.00300642869133031
"416","Bbx","Ets1",0.00820348679557043
"417","Bcl6","Ets1",0.0033697246478513
"419","Cbfb","Ets1",0.000944541789411042
"423","Ctcf","Ets1",0.0137703585616133
"424","Ddit3","Ets1",0.000208249019502068
"430","Elf1","Ets1",0.0729235069312811
"431","Elf2","Ets1",0.0538319547378273
"433","Elk1","Ets1",0.0290354037081501
"435","Elk4","Ets1",0.18573319437572
"461","Elf4","Etv3",0.159970999341281
"462","Elk1","Etv3",0.0556195335985677
"463","Elk3","Etv3",0.17478439083064
"464","Elk4","Etv3",0.0506353184065007
"465","Ets1","Etv3",0.0399137621086973
"474","Batf","Etv6",1.61703650191491e-05
"475","Bbx","Etv6",0.0136337189696004
"476","Bcl6","Etv6",0.00418684678120954
"478","Cbfb","Etv6",0.0181799894362875
"482","Ctcf","Etv6",0.0154441775771855
"489","Elf1","Etv6",0.0294107993014515
"490","Elf2","Etv6",0.220066462468193
"491","Elf4","Etv6",0.0290448085974278
"492","Elk1","Etv6",0.041800963372969
"495","Ets1","Etv6",0.235224823535958
"496","Etv3","Etv6",0.0419541175691751
"498","Arnt","Fli1",0.00114338939448341
"500","Atf1","Fli1",0.00650214820606737
"502","Atf3","Fli1",0.00259861226253096
"511","Creb1","Fli1",0.00780412854519446
"518","Egr1","Fli1",0.00728371159563449
"519","Egr2","Fli1",0.00898634177705308
"520","Elf1","Fli1",0.101895222479186
"521","Elf2","Fli1",0.0160895384702605
"523","Elk1","Fli1",0.0963005322899551
"524","Elk3","Fli1",0.070524644569646
"525","Elk4","Fli1",0.20553540302639
"526","Ets1","Fli1",0.183341103833268
"527","Etv3","Fli1",0.109915607551911
"528","Etv6","Fli1",0.0142021278121945
"534","Atf3","Fos",0.00435503363824457
"537","Batf","Fos",0.139689468529678
"567","Atf3","Fosb",0.0228160102654377
"570","Batf","Fosb",0.177423405782762
"595","Fos","Fosb",0.357453781251315
"601","Atf3","Fosl2",0.356536672174327
"604","Batf","Fosl2",0.0934546950871167
"605","Bbx","Fosl2",0.00708381985705588
"629","Fos","Fosl2",0.181893632490276
"630","Fosb","Fosl2",0.157095390398534
"635","Atf2","Foxj3",0.00223371313608744
"639","Batf","Foxj3",0.0141392859261474
"640","Bbx","Foxj3",0.00502676606233011
"641","Bcl6","Foxj3",0.00367902109229922
"644","Cdx1","Foxj3",0.0193484295008146
"662","Etv6","Foxj3",0.00868783422195291
"668","Arnt","Foxn3",0.00230490318645314
"670","Atf1","Foxn3",0.00059319775980299
"671","Atf2","Foxn3",0.00616190062353099
"676","Bbx","Foxn3",0.0102049189312039
"680","Cdx1","Foxn3",0.00826233492495095
"688","Egr1","Foxn3",0.00447547868284344
"689","Egr2","Foxn3",0.019148309635497
"696","Ets1","Foxn3",0.00343835577273212
"698","Etv6","Foxn3",0.00683016711327246
"699","Fli1","Foxn3",0.00597814949815769
"703","Foxj3","Foxn3",0.146730415582962
"712","Batf","Foxo1",0.0145342700217693
"713","Bbx","Foxo1",0.0234130226419767
"714","Bcl6","Foxo1",0.00909385162986201
"733","Ets1","Foxo1",0.00921796186436865
"735","Etv6","Foxo1",0.0218943200191441
"740","Foxj3","Foxo1",0.072129052372959
"741","Foxn3","Foxo1",0.106874009105171
"778","Foxj3","Foxo3",0.116903579945141
"779","Foxn3","Foxo3",0.161455516057691
"780","Foxo1","Foxo3",0.313025661292324
"817","Foxj3","Foxp1",0.0471030909760562
"818","Foxn3","Foxp1",0.169404666128249
"819","Foxo1","Foxp1",0.172688526685073
"820","Foxo3","Foxp1",0.417550066746916
"822","Arnt","Gabpa",0.00944462600310238
"841","E2f4","Gabpa",0.00196845664928618
"844","Elf1","Gabpa",0.156466738661307
"845","Elf2","Gabpa",0.0299140479607542
"846","Elf4","Gabpa",0.0558170673229063
"847","Elk1","Gabpa",0.223845027136767
"848","Elk3","Gabpa",0.130482562204321
"849","Elk4","Gabpa",0.132991825042697
"850","Ets1","Gabpa",0.0977440154957413
"851","Etv3","Gabpa",0.0753807011085046
"852","Etv6","Gabpa",0.0444482012415629
"853","Fli1","Gabpa",0.171534115026216
"867","Atf3","Gata3",0.0033391447543333
"870","Batf","Gata3",0.00343595674260911
"871","Bbx","Gata3",0.0421670874067275
"872","Bcl6","Gata3",0.0289260273109983
"875","Cdx1","Gata3",0.00872802815501138
"878","Ctcf","Gata3",0.00125784578379584
"879","Ddit3","Gata3",0.030467478872678
"891","Ets1","Gata3",0.00207527799016811
"893","Etv6","Gata3",0.0272880073186315
"897","Fosl2","Gata3",0.0052550984189212
"898","Foxj3","Gata3",0.0143106258381103
"899","Foxn3","Gata3",0.0384668427335006
"900","Foxo1","Gata3",0.01070726962493
"914","Bcl6","Gfi1",0.00212031496406687
"940","Foxj3","Gfi1",0.000502270756410157
"971","Elf2","Glis3",0.00347787410778101
"994","Atf1","Gmeb1",0.106050323649334
"1009","E2f1","Gmeb1",0.00450546373891331
"1023","Fli1","Gmeb1",0.00838875373188511
"1040","Atf2","Hic1",0.00253104120114573
"1045","Bbx","Hic1",0.0238041694444074
"1046","Bcl6","Hic1",0.0116707848166469
"1052","Ctcf","Hic1",0.0985676034939225
"1055","E2f3","Hic1",0.00657226701624979
"1058","Egr2","Hic1",0.00380148078828463
"1060","Elf2","Hic1",0.0134988758658824
"1065","Ets1","Hic1",0.0101974029740195
"1067","Etv6","Hic1",0.00602627167029487
"1072","Foxj3","Hic1",0.0120824621827861
"1073","Foxn3","Hic1",0.0073468931488506
"1078","Gata3","Hic1",0.0255496153027207
"1255","Ets1","Hsf2",0.00421626538066824
"1257","Etv6","Hsf2",0.0105137801403133
"1285","Bbx","Ikzf1",0.00769089313006867
"1286","Bcl6","Ikzf1",0.00690092226377113
"1300","Elf2","Ikzf1",0.00267711217386506
"1305","Ets1","Ikzf1",0.00615493273821516
"1307","Etv6","Ikzf1",0.00729475651711818
"1312","Foxj3","Ikzf1",0.00441595969837695
"1313","Foxn3","Ikzf1",0.00692163447025745
"1346","E2f3","Ikzf3",0.00951530706713292
"1349","Egr2","Ikzf3",0.00619166726225953
"1351","Elf2","Ikzf3",0.0081680403127523
"1388","Bbx","Irf1",0.0133781977976624
"1415","Foxj3","Irf1",0.0278257305463912
"1430","Ikzf1","Irf1",0.00910635598066489
"1441","Bbx","Irf2",0.0136543820273275
"1444","Cbfb","Irf2",0.00335297254543437
"1463","Etv6","Irf2",0.00831129562420708
"1485","Irf1","Irf2",0.334125344417859
"1495","Bbx","Irf3",0.00259977813774893
"1496","Bcl6","Irf3",0.14485577372735
"1517","Etv6","Irf3",0.0107978723184741
"1522","Foxj3","Irf3",0.0120109108042214
"1528","Gata3","Irf3",0.00261374642384434
"1537","Ikzf1","Irf3",0.00220744026823648
"1538","Ikzf3","Irf3",0.00626437837308566
"1539","Irf1","Irf3",0.0968901485396313
"1540","Irf2","Irf3",0.0522334161298163
"1546","Atf3","Irf4",0.000148521977638631
"1549","Batf","Irf4",0.016981572509657
"1550","Bbx","Irf4",0.0240762493221662
"1551","Bcl6","Irf4",0.00765161905632653
"1554","Cdx1","Irf4",0.0064187434836901
"1558","Ddit3","Irf4",0.00566209732656469
"1565","Elf2","Irf4",0.00143539950970779
"1570","Ets1","Irf4",0.0131256613973982
"1572","Etv6","Irf4",0.0185981271570321
"1578","Foxn3","Irf4",0.0154822839887073
"1579","Foxo1","Irf4",0.000912790257948292
"1583","Gata3","Irf4",0.0263710431272669
"1587","Hic1","Irf4",0.00756424467776778
"1594","Irf1","Irf4",0.0455553573753132
"1595","Irf2","Irf4",0.0402507440895319
"1596","Irf3","Irf4",0.0550129493268797
"1602","Atf3","Irf7",0.00366223544129554
"1606","Bbx","Irf7",0.0113374213371082
"1634","Foxn3","Irf7",0.00454546939534405
"1639","Gata3","Irf7",0.0114539382841169
"1650","Irf1","Irf7",0.0728258965610753
"1651","Irf2","Irf7",0.179554485958062
"1652","Irf3","Irf7",0.00264524405597453
"1653","Irf4","Irf7",0.0517311797039192
"1662","Batf","Irf8",0.00356403943367339
"1664","Bcl6","Irf8",0.00217919584389619
"1677","Elf1","Irf8",0.00554214399739489
"1678","Elf2","Irf8",0.00177571672680774
"1683","Ets1","Irf8",0.0283571569506405
"1685","Etv6","Irf8",0.0218597160019185
"1691","Foxn3","Irf8",0.00185413950844706
"1692","Foxo1","Irf8",0.00825942601274429
"1696","Gata3","Irf8",0.00264785878151288
"1700","Hic1","Irf8",0.000142082381349188
"1707","Irf1","Irf8",0.087597222045768
"1708","Irf2","Irf8",0.0640696092945161
"1709","Irf3","Irf8",0.034963083933245
"1710","Irf4","Irf8",0.458287414153342
"1711","Irf7","Irf8",0.0692125771710438
"1721","Bbx","Isl2",0.00636764498247316
"1776","Atf3","Jun",0.11264199723005
"1777","Atf4","Jun",0.0498122302435464
"1779","Batf","Jun",0.0351749293874678
"1781","Bcl6","Jun",0.00127554612553544
"1793","Egr2","Jun",0.00528844400099399
"1804","Fos","Jun",0.157554877333258
"1805","Fosb","Jun",0.118946287193782
"1806","Fosl2","Jun",0.122617190123653
"1808","Foxn3","Jun",0.0177862360311983
"1813","Gata3","Jun",0.000439394458933209
"1816","Gmeb1","Jun",0.000660717259301697
"1836","Atf3","Junb",0.0567968873254609
"1839","Batf","Junb",0.10080858537963
"1840","Bbx","Junb",0.00652233732847004
"1848","Ddit3","Junb",0.00749172911808086
"1855","Elf2","Junb",0.000583169804346585
"1862","Etv6","Junb",0.00291776381013972
"1864","Fos","Junb",0.0874867504129969
"1865","Fosb","Junb",0.130421717150117
"1866","Fosl2","Junb",0.0482635293744105
"1868","Foxn3","Junb",0.0174840362966338
"1869","Foxo1","Junb",0.00841520210187657
"1873","Gata3","Junb",0.0223562072373617
"1887","Irf4","Junb",0.00736039120813996
"1891","Jun","Junb",0.237918643105371
"1900","Batf","Jund",0.155522840935213
"1901","Bbx","Jund",0.0105971098082536
"1902","Bcl6","Jund",0.00997941831594009
"1908","Ctcf","Jund",0.0152101624352491
"1916","Elf2","Jund",0.000507737038977532
"1921","Ets1","Jund",0.0159133961255213
"1923","Etv6","Jund",0.0116952653971053
"1925","Fos","Jund",0.0671189483560555
"1926","Fosb","Jund",0.0684829697997761
"1927","Fosl2","Jund",0.099465283730048
"1930","Foxo1","Jund",0.00543281402094454
"1952","Jun","Jund",0.135732411124742
"1953","Junb","Jund",0.107120181655736
"1972","E2f1","Klf10",0.0122992023331282
"1973","E2f3","Klf10",0.0124651924101867
"1974","E2f4","Klf10",0.00419216728146211
"1975","Egr1","Klf10",0.0494442911209176
"1976","Egr2","Klf10",0.0640909920480034
"2000","Hic1","Klf10",0.00425796222298519
"2006","Ikzf3","Klf10",0.00288115845818282
"2038","Egr1","Klf13",0.00289761970198538
"2049","Fli1","Klf13",0.00451540127396207
"2080","Klf10","Klf13",0.00485602733917684
"2097","Ctcf","Klf2",0.0067285249371964
"2101","E2f4","Klf2",0.0425560107723838
"2132","Ikzf1","Klf2",0.00262528915007334
"2144","Klf10","Klf2",0.0150371499226547
"2145","Klf13","Klf2",0.0267005102907438
"2146","Ahr","Klf3",0.00859798440593349
"2147","Arnt","Klf3",0.000457263115165032
"2149","Atf1","Klf3",0.00674860299030892
"2164","E2f1","Klf3",0.0647536711585032
"2166","E2f4","Klf3",0.0578056163250938
"2167","Egr1","Klf3",0.00768885300207294
"2169","Elf1","Klf3",0.00454677682126799
"2174","Elk4","Klf3",0.00689627295726235
"2178","Fli1","Klf3",0.00152471693468001
"2190","Glis3","Klf3",0.00153962239715434
"2209","Klf10","Klf3",0.0708708463904961
"2211","Klf2","Klf3",0.0703036622287288
"2212","Ahr","Klf4",0.00451896239717822
"2217","Atf3","Klf4",0.0122577907851956
"2230","E2f1","Klf4",0.0257347141746964
"2233","Egr1","Klf4",0.028721660894151
"2234","Egr2","Klf4",0.0509054040374344
"2244","Fli1","Klf4",0.00613204184915926
"2258","Hic1","Klf4",0.0103856916822814
"2263","Ikzf1","Klf4",0.0102719755999373
"2273","Junb","Klf4",7.3176379276384e-05
"2275","Klf10","Klf4",0.0174427047783977
"2276","Klf13","Klf4",0.0453328562663015
"2278","Klf3","Klf4",0.0426759688883248
"2279","Ahr","Klf5",0.00399566528259221
"2284","Atf3","Klf5",0.0141672265540924
"2294","Crem","Klf5",0.0104108542356699
"2297","E2f1","Klf5",0.057289241923644
"2300","Egr1","Klf5",0.0376337445056779
"2301","Egr2","Klf5",0.0491765836903505
"2311","Fli1","Klf5",0.00547212698336201
"2325","Hic1","Klf5",0.00276853833770889
"2340","Junb","Klf5",8.59972409570934e-05
"2342","Klf10","Klf5",0.0236342326078801
"2345","Klf3","Klf5",0.0630990287566641
"2346","Klf4","Klf5",0.276696807845047
"2347","Ahr","Klf6",0.00396167044957453
"2352","Atf3","Klf6",0.00638726458002288
"2353","Atf4","Klf6",0.00822668405096992
"2362","Crem","Klf6",0.00221479556098557
"2365","E2f1","Klf6",0.0620926968595591
"2368","Egr1","Klf6",0.073842603587399
"2369","Egr2","Klf6",0.053769568515196
"2379","Fli1","Klf6",0.00983157030576801
"2399","Ikzf3","Klf6",0.00414414478402754
"2410","Klf10","Klf6",0.0556445774933986
"2413","Klf3","Klf6",0.10690180528191
"2414","Klf4","Klf6",0.102793976125099
"2415","Klf5","Klf6",0.198416453968286
"2418","Arntl","Klf7",0.000678103779493479
"2430","Creb1","Klf7",0.0104748432944224
"2434","E2f1","Klf7",0.112036680775744
"2436","E2f4","Klf7",0.037405290525322
"2437","Egr1","Klf7",0.0182139064003033
"2438","Egr2","Klf7",0.0157161856765865
"2461","Gmeb1","Klf7",0.00150077413853689
"2479","Klf10","Klf7",0.0159224016861873
"2480","Klf13","Klf7",0.118857414850238
"2481","Klf2","Klf7",0.144927868164528
"2482","Klf3","Klf7",0.0706325844682442
"2483","Klf4","Klf7",0.208992751042552
"2484","Klf5","Klf7",0.0831910879423441
"2485","Klf6","Klf7",0.0234962439527349
"2487","Arnt","Klf8",0.00552936691597871
"2489","Atf1","Klf8",0.00445995130233751
"2500","Creb1","Klf8",0.0062250285950951
"2502","Ctcf","Klf8",0.0168622683511521
"2504","E2f1","Klf8",0.021307061815417
"2506","E2f4","Klf8",0.0437418932371759
"2509","Elf1","Klf8",0.00187718701720581
"2510","Elf2","Klf8",0.00609587075313788
"2527","Gabpa","Klf8",0.00397210237171295
"2532","Hic1","Klf8",0.0242275738424143
"2537","Ikzf1","Klf8",0.00640093840925341
"2549","Klf10","Klf8",0.0298886476754167
"2550","Klf13","Klf8",0.0759726145432234
"2551","Klf2","Klf8",0.291479398701123
"2552","Klf3","Klf8",0.0574791816006548
"2553","Klf4","Klf8",0.132620079054189
"2556","Klf7","Klf8",0.226577842183306
"2565","Batf","Mafk",0.0560150552548464
"2566","Bbx","Mafk",0.0169189661829274
"2567","Bcl6","Mafk",0.00374903455284008
"2573","Ctcf","Mafk",0.00541645176542113
"2581","Elf2","Mafk",0.00602346225949456
"2588","Etv6","Mafk",0.00931564472354881
"2590","Fos","Mafk",0.0364583335972426
"2591","Fosb","Mafk",0.0197126837361942
"2592","Fosl2","Mafk",0.0444733199005266
"2593","Foxj3","Mafk",0.00963498083863655
"2594","Foxn3","Mafk",0.0118355589143415
"2595","Foxo1","Mafk",0.000361038136521763
"2599","Gata3","Mafk",0.0270058187549306
"2603","Hic1","Mafk",0.00564018352374924
"2613","Irf4","Mafk",0.00203250947509567
"2617","Jun","Mafk",0.000948004397722038
"2618","Junb","Mafk",0.017215842878327
"2619","Jund","Mafk",0.00502077846624559
"2626","Klf6","Mafk",0.000496554454954087
"2630","Arnt","Max",0.197666059217696
"2631","Arntl","Max",0.058053029149231
"2657","Elk4","Max",0.00422964729642564
"2694","Klf2","Max",0.00101150454570844
"2695","Klf3","Max",0.0114809417989935
"2700","Klf8","Max",0.00827122271703699
"2712","Bcl6","Maz",0.0820623324560633
"2718","Ctcf","Maz",0.0143368213498632
"2731","Ets1","Maz",0.00396511213949594
"2754","Ikzf3","Maz",0.00508414626103983
"2777","Arnt","Mbd2",0.00276595125686574
"2794","E2f1","Mbd2",0.0164204422435791
"2795","E2f3","Mbd2",0.00317952863196161
"2796","E2f4","Mbd2",0.0040643402018374
"2797","Egr1","Mbd2",0.0189030912326111
"2799","Elf1","Mbd2",0.0036901665141216
"2808","Fli1","Mbd2",0.00247725871388787
"2817","Gabpa","Mbd2",0.00267354639196149
"2842","Klf3","Mbd2",0.0152568835698344
"2852","Arnt","Mecp2",0.00817207605280042
"2870","E2f3","Mecp2",0.0180635904944008
"2871","E2f4","Mecp2",0.00145097685325407
"2872","Egr1","Mecp2",0.00696604555169457
"2873","Egr2","Mecp2",0.000319828337256399
"2879","Elk4","Mecp2",0.00116723291152691
"2883","Fli1","Mecp2",0.0169317670624621
"2892","Gabpa","Mecp2",0.00196355674147404
"2903","Ikzf3","Mecp2",0.00996938055844533
"2916","Klf2","Mecp2",0.000535992306027827
"2917","Klf3","Mecp2",0.0246169958808547
"2922","Klf8","Mecp2",0.00529814981131145
"2926","Mbd2","Mecp2",0.0209504828250723
"2931","Atf2","Meis3",0.00617776508314035
"2936","Bbx","Meis3",0.0162816903011078
"2943","Ctcf","Meis3",0.0054415972389332
"2951","Elf2","Meis3",0.0151408702917342
"2964","Foxn3","Meis3",0.018527340674773
"2969","Gata3","Meis3",0.00374092482013326
"2981","Irf2","Meis3",0.00242058149942457
"2987","Jun","Meis3",0.00581386333349384
"2988","Junb","Meis3",0.0082984161382993
"2994","Klf4","Meis3",0.00335333188067711
"3051","Hlx","Meox2",0.112434980555704
"3083","Arnt","Mlx",0.100286392162967
"3084","Arntl","Mlx",0.217441529619514
"3093","Bhlhe40","Mlx",0.184292712983156
"3103","Egr1","Mlx",0.000255912420481237
"3149","Klf4","Mlx",0.0070617986249528
"3155","Max","Mlx",0.0325036653322714
"3162","Arnt","Mxd1",0.066590502021038
"3163","Arntl","Mxd1",0.0570077900922077
"3176","Crem","Mxd1",0.00307884501558545
"3182","Egr1","Mxd1",0.0200139723022216
"3183","Egr2","Mxd1",0.0111986567361265
"3193","Fli1","Mxd1",0.00614646360969961
"3228","Klf4","Mxd1",0.0159754621743234
"3229","Klf5","Mxd1",0.0237449238162335
"3230","Klf6","Mxd1",0.016118229262688
"3231","Klf7","Mxd1",0.0092881882685488
"3234","Max","Mxd1",0.137234539930235
"3236","Mbd2","Mxd1",0.000725550207355025
"3240","Mlx","Mxd1",0.00935318373956896
"3242","Arnt","Myc",0.0345867123761462
"3259","E2f1","Myc",0.00235059929662528
"3260","E2f3","Myc",0.00773141218549688
"3262","Egr1","Myc",0.00733130083127535
"3263","Egr2","Myc",0.00555474206468246
"3287","Hic1","Myc",0.00368016728486672
"3307","Klf3","Myc",0.000432827256089727
"3308","Klf4","Myc",0.00221095263999658
"3309","Klf5","Myc",0.00489768939122808
"3310","Klf6","Myc",0.0153306387027936
"3314","Max","Myc",0.364571947327094
"3316","Mbd2","Myc",0.000895580088394727
"3321","Mxd1","Myc",0.231227026153091
"3330","Batf","Nfatc1",0.0178619177259178
"3331","Bbx","Nfatc1",0.009294063098317
"3332","Bcl6","Nfatc1",0.0160538780770209
"3353","Etv6","Nfatc1",0.0151184190698628
"3355","Fos","Nfatc1",0.0053819483823465
"3356","Fosb","Nfatc1",0.000353972762661908
"3357","Fosl2","Nfatc1",0.00138549840537792
"3359","Foxn3","Nfatc1",0.0106176344461018
"3360","Foxo1","Nfatc1",0.00914115294543929
"3364","Gata3","Nfatc1",0.0145375117695785
"3377","Irf3","Nfatc1",0.00218157041522187
"3378","Irf4","Nfatc1",0.0121619374732468
"3380","Irf8","Nfatc1",0.0114439610711226
"3383","Junb","Nfatc1",0.00637479332613888
"3384","Jund","Nfatc1",0.0160453392650766
"3412","Batf","Nfe2l2",0.0711501536282946
"3413","Bbx","Nfe2l2",0.00526606562139438
"3428","Elf2","Nfe2l2",0.00769837671886623
"3433","Ets1","Nfe2l2",0.0016702282681654
"3435","Etv6","Nfe2l2",0.0157577951076337
"3437","Fos","Nfe2l2",0.0278576920863843
"3438","Fosb","Nfe2l2",0.0147431517805432
"3439","Fosl2","Nfe2l2",0.0423822003156732
"3441","Foxn3","Nfe2l2",0.0252359330617007
"3442","Foxo1","Nfe2l2",0.00412960162477136
"3446","Gata3","Nfe2l2",0.00437938912867249
"3450","Hic1","Nfe2l2",0.00384546873770964
"3457","Irf1","Nfe2l2",0.00123200507919853
"3460","Irf4","Nfe2l2",0.00429795301345772
"3462","Irf8","Nfe2l2",0.013501945038428
"3464","Jun","Nfe2l2",0.0311494116302091
"3466","Jund","Nfe2l2",0.0173385037162125
"3476","Mafk","Nfe2l2",0.25959357747104
"3481","Meis3","Nfe2l2",0.00873318582241072
"3493","Atf4","Nfil3",0.198526767712644
"3504","Ddit3","Nfil3",0.0243607938306882
"3522","Fosl2","Nfil3",0.00045325597713217
"3543","Irf4","Nfil3",0.0116702524599721
"3547","Jun","Nfil3",0.000128708554843932
"3580","Bbx","Nfkb1",0.00423843493771023
"3602","Etv6","Nfkb1",0.00110535710285721
"3607","Foxj3","Nfkb1",0.00431000315956245
"3617","Hic1","Nfkb1",0.00185237890021885
"3623","Ikzf3","Nfkb1",0.00763957220160937
"3628","Irf7","Nfkb1",0.00509944532747303
"3637","Klf3","Nfkb1",0.00203690935104163
"3677","Egr1","Nfkb2",0.00956620909997808
"3678","Egr2","Nfkb2",0.0116320066691177
"3687","Etv6","Nfkb2",0.00822017538599877
"3692","Foxj3","Nfkb2",0.000760163117972076
"3693","Foxn3","Nfkb2",0.0253332979239691
"3694","Foxo1","Nfkb2",0.00628389593245214
"3698","Gata3","Nfkb2",0.00845778261171807
"3702","Hic1","Nfkb2",0.00160606775893709
"3708","Ikzf3","Nfkb2",0.0102163973283461
"3710","Irf2","Nfkb2",0.00191963465314841
"3713","Irf7","Nfkb2",0.00664274612601447
"3716","Jun","Nfkb2",0.00432282481543377
"3717","Junb","Nfkb2",0.00642372261462485
"3723","Klf4","Nfkb2",0.00270654555824341
"3724","Klf5","Nfkb2",0.0141580054922838
"3725","Klf6","Nfkb2",0.00632358859137149
"3741","Nfkb1","Nfkb2",0.499232068599736
"3762","E2f4","Nfya",0.00860950007903045
"3785","Gfi1","Nfya",0.0050149051317649
"3818","Mecp2","Nfya",0.00140255561365416
"3843","Creb1","Nfyb",0.00506393232401495
"3847","E2f1","Nfyb",0.00768653698114065
"3848","E2f3","Nfyb",0.013590832090596
"3849","E2f4","Nfyb",0.00596008395222184
"3850","Egr1","Nfyb",0.00418666799850376
"3861","Fli1","Nfyb",0.00420862729541504
"3872","Gfi1","Nfyb",0.000248588792102511
"3895","Klf3","Nfyb",0.00776876137607061
"3900","Klf8","Nfyb",0.00365383117492691
"3905","Mecp2","Nfyb",0.00473263931314658
"3910","Myc","Nfyb",0.00810181372261084
"3916","Nfya","Nfyb",0.342471276998156
"3931","Creb1","Nfyc",0.00322680933474611
"3935","E2f1","Nfyc",0.00486928434893502
"3938","Egr1","Nfyc",0.0156316551104748
"3939","Egr2","Nfyc",0.00703643195226213
"3949","Fli1","Nfyc",0.00395940540501277
"3960","Gfi1","Nfyc",0.0105143173919388
"3981","Klf13","Nfyc",0.00158953974894081
"3984","Klf4","Nfyc",0.00454811469051849
"3985","Klf5","Nfyc",0.00321362785905974
"3986","Klf6","Nfyc",0.00846468877446387
"3997","Mxd1","Nfyc",0.00193535407673948
"3998","Myc","Nfyc",0.000460162268446061
"4004","Nfya","Nfyc",0.370309083454494
"4005","Nfyb","Nfyc",0.45666888775308
"4011","Atf3","Nr1i3",0.0161698016773919
"4015","Bbx","Nr1i3",0.0153877754436757
"4028","Egr2","Nr1i3",0.00930805991947413
"4035","Ets1","Nr1i3",0.00591596203462199
"4041","Fosl2","Nr1i3",0.00792280033678327
"4043","Foxn3","Nr1i3",0.00218292697443085
"4062","Irf4","Nr1i3",0.0038436265463363
"4067","Junb","Nr1i3",0.00846142889856778
"4073","Klf4","Nr1i3",0.00564606958737171
"4074","Klf5","Nr1i3",0.00530558860744818
"4089","Nfe2l2","Nr1i3",0.00236647254683432
"4106","Bcl6","Nr4a1",0.00778447568623545
"4131","Fosl2","Nr4a1",0.000963899113288689
"4132","Foxj3","Nr4a1",0.000349022533832792
"4133","Foxn3","Nr4a1",0.00093366419694497
"4134","Foxo1","Nr4a1",0.00536859772045524
"4151","Irf3","Nr4a1",0.0104429153031317
"4152","Irf4","Nr4a1",0.0186292831823216
"4156","Jun","Nr4a1",0.00331082692996551
"4192","Atf3","Nr4a2",0.00427209512443372
"4193","Atf4","Nr4a2",0.000265046612755582
"4197","Bcl6","Nr4a2",0.00185031218386752
"4223","Foxj3","Nr4a2",0.00250021019107755
"4224","Foxn3","Nr4a2",0.0145577468086323
"4229","Gata3","Nr4a2",0.023752976202343
"4245","Irf8","Nr4a2",0.00314984129380351
"4247","Jun","Nr4a2",0.0204706258331325
"4248","Junb","Nr4a2",0.00794793565585093
"4254","Klf4","Nr4a2",0.00504624038465662
"4278","Nr4a1","Nr4a2",0.0698823605706625
"4370","Nr4a1","Nr4a3",0.180090378145978
"4371","Nr4a2","Nr4a3",0.562666498390735
"4373","Arnt","Nrf1",0.00368278994514651
"4386","Creb1","Nrf1",0.00638500531903723
"4390","E2f1","Nrf1",0.0320404810220325
"4391","E2f3","Nrf1",0.0116043773752296
"4392","E2f4","Nrf1",0.00474347980293816
"4393","Egr1","Nrf1",0.0477971229659731
"4394","Egr2","Nrf1",0.0206600658215158
"4395","Elf1","Nrf1",0.00436602998232333
"4404","Fli1","Nrf1",0.0178714893612792
"4435","Klf10","Nrf1",0.000514073712401721
"4438","Klf3","Nrf1",0.0126904468483132
"4440","Klf5","Nrf1",0.0100305367097377
"4441","Klf6","Nrf1",0.0258010661280108
"4442","Klf7","Nrf1",0.0245602992351367
"4445","Max","Nrf1",0.0130718117102832
"4447","Mbd2","Nrf1",0.0310031549251009
"4452","Mxd1","Nrf1",0.0231905108347986
"4453","Myc","Nrf1",0.00967517153803325
"4460","Nfyb","Nrf1",0.0088022211318657
"4461","Nfyc","Nrf1",0.0184068494932506
"4469","Atf1","Patz1",0.0053225728172688
"4480","Creb1","Patz1",0.00501250668651721
"4482","Ctcf","Patz1",0.00431634960802298
"4484","E2f1","Patz1",0.0586461632350045
"4486","E2f4","Patz1",0.0421916202461548
"4494","Elk4","Patz1",0.000616330672559691
"4510","Glis3","Patz1",0.00581805802314658
"4517","Ikzf1","Patz1",0.00792410668023174
"4529","Klf10","Patz1",0.0124076280461383
"4531","Klf2","Patz1",0.067587779695636
"4532","Klf3","Patz1",0.113614255287689
"4533","Klf4","Patz1",0.0280093001706645
"4534","Klf5","Patz1",0.0737818132557541
"4535","Klf6","Patz1",0.0381467844768801
"4537","Klf8","Patz1",0.0289276177506505
"4540","Maz","Patz1",0.0021204128717686
"4551","Nfkb1","Patz1",0.00302627117957718
"4552","Nfkb2","Patz1",0.00190675635546563
"4570","Bbx","Pbx4",0.0174983123942037
"4583","Egr2","Pbx4",0.00270977634699969
"4592","Etv6","Pbx4",0.00235984194479178
"4603","Gata3","Pbx4",0.0206953430292637
"4607","Hic1","Pbx4",0.00457535819483829
"4650","Nfyc","Pbx4",0.00262418097763741
"4704","Hlx","Phox2b",0.0543647716439879
"4735","Meox2","Phox2b",0.0358385712820992
"4755","Arnt","Pknox1",0.00513281758764083
"4758","Atf2","Pknox1",0.00934101597785102
"4761","Atf7","Pknox1",0.000164114692792363
"4763","Bbx","Pknox1",0.0077271677748045
"4764","Bcl6","Pknox1",0.0105250714814474
"4775","Egr1","Pknox1",0.0102723198162412
"4776","Egr2","Pknox1",0.0039190963411177
"4777","Elf1","Pknox1",0.0198666212583136
"4783","Ets1","Pknox1",0.0103573821106609
"4786","Fli1","Pknox1",0.00770554133361513
"4790","Foxj3","Pknox1",0.0106415221460974
"4791","Foxn3","Pknox1",0.00196120641383583
"4792","Foxo1","Pknox1",0.00701503938525876
"4800","Hic1","Pknox1",0.0101500730867181
"4808","Irf2","Pknox1",0.00454798182644218
"4820","Klf3","Pknox1",0.000420558785080395
"4821","Klf4","Pknox1",0.00442181912514454
"4825","Klf8","Pknox1",0.0037232885573739
"4831","Meis3","Pknox1",0.223346940131707
"4839","Nfkb1","Pknox1",0.00328222171907011
"4840","Nfkb2","Pknox1",0.0125349841927615
"4841","Nfya","Pknox1",0.0141520465032192
"4842","Nfyb","Pknox1",0.0220747691000081
"4843","Nfyc","Pknox1",0.0366142830546392
"4849","Patz1","Pknox1",0.000876741415843974
"4850","Pbx4","Pknox1",0.323810726264472
"4861","Bbx","Prdm1",0.00341736360108794
"4862","Bcl6","Prdm1",0.0157741977492033
"4868","Ctcf","Prdm1",0.00352354590488968
"4876","Elf2","Prdm1",0.00249212482029187
"4881","Ets1","Prdm1",0.000848050867156012
"4904","Ikzf3","Prdm1",0.00598396116359927
"4905","Irf1","Prdm1",0.0488994074714252
"4906","Irf2","Prdm1",0.127571981171801
"4907","Irf3","Prdm1",0.0816340690823574
"4908","Irf4","Prdm1",0.0126548398541651
"4909","Irf7","Prdm1",0.184976544086522
"4910","Irf8","Prdm1",0.0965033910032849
"4914","Jund","Prdm1",0.000289429136507406
"4929","Meis3","Prdm1",0.00677466886961514
"4935","Nfe2l2","Prdm1",0.00108230291361498
"4950","Pknox1","Prdm1",0.00194641499383673
"4960","Bbx","Rel",0.0074462056551361
"4961","Bcl6","Rel",0.00281048856568516
"4982","Etv6","Rel",0.0118451864328765
"4988","Foxn3","Rel",4.99265950903903e-05
"4993","Gata3","Rel",0.0297222770260808
"5003","Ikzf3","Rel",0.0113247485199737
"5006","Irf3","Rel",0.0101821293213643
"5007","Irf4","Rel",0.022162476153193
"5011","Jun","Rel",0.00576882858648601
"5012","Junb","Rel",0.00110832428064905
"5023","Mafk","Rel",0.00593940968174054
"5028","Meis3","Rel",0.00541721090174546
"5034","Nfe2l2","Rel",0.00178149839527233
"5036","Nfkb1","Rel",0.0962863906249074
"5037","Nfkb2","Rel",0.108447034114985
"5049","Pknox1","Rel",0.00647183869120174
"5050","Prdm1","Rel",0.0023377693037807
"5060","Bbx","Rela",0.00898798935536156
"5061","Bcl6","Rela",0.279594473043974
"5088","Foxn3","Rela",0.00354754672013213
"5093","Gata3","Rela",0.010614278904815
"5097","Hic1","Rela",0.000235325123045762
"5102","Ikzf1","Rela",0.0114785545560909
"5103","Ikzf3","Rela",0.0241573163657261
"5106","Irf3","Rela",0.0609290033727748
"5125","Maz","Rela",0.181574417723965
"5136","Nfkb1","Rela",0.0285012707388244
"5137","Nfkb2","Rela",0.0258241385683348
"5150","Prdm1","Rela",0.0298107075066917
"5151","Rel","Rela",0.0275672372643283
"5161","Bbx","Relb",0.00392656726189799
"5173","Egr1","Relb",0.00336454530039912
"5174","Egr2","Relb",0.00199159970542323
"5184","Fli1","Relb",0.000761411836352376
"5189","Foxn3","Relb",0.00275667480134561
"5212","Jun","Relb",0.00171807763131246
"5213","Junb","Relb",0.000810068950463711
"5219","Klf4","Relb",5.88720789751408e-05
"5221","Klf6","Relb",0.0150203351774466
"5237","Nfkb1","Relb",0.0737014697129349
"5238","Nfkb2","Relb",0.244368338403844
"5247","Patz1","Relb",0.00542217609811722
"5251","Prdm1","Relb",0.00158396569752584
"5252","Rel","Relb",0.0741651333844244
"5253","Rela","Relb",0.0186868804553502
"5255","Arnt","Rfx1",0.00302607018718473
"5258","Atf2","Rfx1",0.00744061151069425
"5268","Creb1","Rfx1",0.00504022599670306
"5270","Ctcf","Rfx1",0.00969900907198555
"5273","E2f3","Rfx1",0.0238379597882209
"5274","E2f4","Rfx1",0.0108503193071847
"5277","Elf1","Rfx1",0.0055233639118663
"5278","Elf2","Rfx1",0.00279481661752113
"5282","Elk4","Rfx1",0.0103361149305247
"5283","Ets1","Rfx1",0.00745964869989853
"5286","Fli1","Rfx1",0.0113249704705868
"5295","Gabpa","Rfx1",0.00653446548503253
"5300","Hic1","Rfx1",0.0255491186791074
"5306","Ikzf3","Rfx1",0.00540761636717167
"5319","Klf2","Rfx1",0.00190085017486536
"5320","Klf3","Rfx1",0.00972494314132802
"5325","Klf8","Rfx1",0.00111557406368135
"5327","Max","Rfx1",0.00153208297393755
"5329","Mbd2","Rfx1",0.0223874453331244
"5330","Mecp2","Rfx1",0.038167565292497
"5340","Nfkb2","Rfx1",0.00661247040203006
"5341","Nfya","Rfx1",0.00191677839525958
"5348","Nrf1","Rfx1",0.0295555623806703
"5361","Atf2","Rora",0.00839475414720769
"5366","Bbx","Rora",0.0214558939626807
"5367","Bcl6","Rora",0.0145869430273416
"5379","Egr2","Rora",0.0115477437352243
"5381","Elf2","Rora",0.00368079764748293
"5386","Ets1","Rora",0.00522406860140637
"5388","Etv6","Rora",0.0108869141951623
"5393","Foxj3","Rora",0.00236142407928628
"5394","Foxn3","Rora",0.027259186846581
"5399","Gata3","Rora",0.0153302752263957
"5403","Hic1","Rora",0.00601357563505814
"5410","Irf1","Rora",0.000945223126694128
"5412","Irf3","Rora",0.00443193264002084
"5413","Irf4","Rora",0.010631876079376
"5417","Jun","Rora",0.00555086190338318
"5418","Junb","Rora",0.0029158372357345
"5424","Klf4","Rora",0.0141020836112985
"5425","Klf5","Rora",0.0102454187175133
"5426","Klf6","Rora",0.00326258240753394
"5428","Klf8","Rora",0.00545929314938272
"5429","Mafk","Rora",0.00223870423118146
"5440","Nfe2l2","Rora",0.0105776275149136
"5447","Nr1i3","Rora",0.0229851765620903
"5455","Pknox1","Rora",0.00880234329234408
"5469","Batf","Runx1",0.0126811739679721
"5470","Bbx","Runx1",0.0151565205143109
"5473","Cbfb","Runx1",0.214750452653102
"5474","Cdx1","Runx1",0.0127846528301591
"5478","Ddit3","Runx1",0.00379587772302226
"5492","Etv6","Runx1",0.00824573915546398
"5495","Fosb","Runx1",0.000739105965916108
"5497","Foxj3","Runx1",0.0113741139100384
"5498","Foxn3","Runx1",0.0174726302456748
"5503","Gata3","Runx1",0.0232917776869924
"5515","Irf2","Runx1",0.00791435682494003
"5517","Irf4","Runx1",0.0121438768080667
"5518","Irf7","Runx1",0.000203411222903143
"5522","Junb","Runx1",0.00111633798217333
"5523","Jund","Runx1",0.0135633041784492
"5533","Mafk","Runx1",0.00638927440137061
"5538","Meis3","Runx1",0.0123886189912191
"5543","Nfatc1","Runx1",0.0133328023769706
"5544","Nfe2l2","Runx1",0.00431241275490327
"5552","Nr4a1","Runx1",0.000621969333821282
"5553","Nr4a2","Runx1",0.00666051467153519
"5561","Rel","Runx1",0.00508067813654627
"5574","Batf","Runx2",0.00958566120699129
"5575","Bbx","Runx2",0.0075310935599598
"5576","Bcl6","Runx2",0.00581808139623988
"5578","Cbfb","Runx2",0.180514067313424
"5579","Cdx1","Runx2",0.00920060252815552
"5582","Ctcf","Runx2",0.00840898935789013
"5583","Ddit3","Runx2",0.0118859838342023
"5595","Ets1","Runx2",0.00355626076418098
"5597","Etv6","Runx2",0.0160962837111739
"5599","Fos","Runx2",0.00217076495905457
"5600","Fosb","Runx2",0.00221402448067355
"5602","Foxj3","Runx2",0.000377769491266947
"5603","Foxn3","Runx2",0.0293348383674772
"5604","Foxo1","Runx2",0.00475673033311852
"5608","Gata3","Runx2",0.0344110996827124
"5616","Hsf2","Runx2",0.00159436218457658
"5622","Irf4","Runx2",0.0135359215020477
"5624","Irf8","Runx2",0.0049594644861633
"5627","Junb","Runx2",0.00768200606479354
"5638","Mafk","Runx2",0.0178942690705984
"5643","Meis3","Runx2",0.0113368531126944
"5648","Nfatc1","Runx2",0.0265419149156169
"5649","Nfe2l2","Runx2",0.0079190419658374
"5650","Nfil3","Runx2",0.00693696176070276
"5657","Nr4a1","Runx2",0.0112675978366557
"5658","Nr4a2","Runx2",0.00532530872813968
"5666","Rel","Runx2",0.0101141768794445
"5668","Relb","Runx2",0.00168222933815561
"5670","Rora","Runx2",0.0120713716179551
"5671","Runx1","Runx2",0.391082010467274
"5680","Batf","Runx3",0.00167915020998856
"5681","Bbx","Runx3",0.010474453909674
"5684","Cbfb","Runx3",0.161230172459303
"5688","Ctcf","Runx3",0.00184370844064928
"5689","Ddit3","Runx3",0.00228438061539185
"5701","Ets1","Runx3",0.00769670127922466
"5703","Etv6","Runx3",0.0177708650644979
"5708","Foxj3","Runx3",0.00755800882767869
"5709","Foxn3","Runx3",0.00611166492347511
"5714","Gata3","Runx3",0.00836759828146842
"5718","Hic1","Runx3",0.0071317277033356
"5726","Irf2","Runx3",0.00449696575386262
"5728","Irf4","Runx3",0.00826777253507107
"5729","Irf7","Runx3",0.01113989602228
"5732","Jun","Runx3",0.000891752746395368
"5733","Junb","Runx3",0.00753314118746661
"5734","Jund","Runx3",0.00544942610231493
"5744","Mafk","Runx3",0.00525138005106999
"5764","Nr4a2","Runx3",0.00318095765573146
"5772","Rel","Runx3",0.00796490028330479
"5777","Runx1","Runx3",0.322457715946973
"5778","Runx2","Runx3",0.238016680357311
"5896","Bbx","Smad3",0.0142948860165144
"5897","Bcl6","Smad3",0.0325623273326761
"5899","Cbfb","Smad3",0.0118327573428098
"5903","Ctcf","Smad3",0.0462568861215596
"5911","Elf2","Smad3",0.00568648806774178
"5916","Ets1","Smad3",0.0134008095842094
"5918","Etv6","Smad3",0.0129592474354646
"5929","Gata3","Smad3",0.00734162491754005
"5933","Hic1","Smad3",0.00289367716380913
"5938","Ikzf1","Smad3",0.00619573309958671
"5939","Ikzf3","Smad3",0.00269002072823807
"5942","Irf3","Smad3",0.00534031386687358
"5949","Jund","Smad3",0.0239943068415089
"5961","Maz","Smad3",0.0476658011439998
"5964","Meis3","Smad3",0.0179053190421001
"5982","Patz1","Smad3",0.000134315990272787
"5985","Pknox1","Smad3",0.0143925136138604
"5986","Prdm1","Smad3",0.0029715640569309
"5988","Rela","Smad3",0.0220494678972422
"5990","Rfx1","Smad3",0.0089197896531584
"5994","Runx3","Smad3",0.00802454005893763
"6001","Atf3","Snai1",0.0044266973365736
"6012","Ctcf","Snai1",0.0284731123553414
"6018","Egr2","Snai1",0.0142568859468387
"6033","Foxn3","Snai1",0.011509985337498
"6038","Gata3","Snai1",0.0156468611592978
"6042","Hic1","Snai1",0.0355447187205704
"6052","Irf4","Snai1",0.00749769195198029
"6057","Junb","Snai1",0.0173315381909385
"6063","Klf4","Snai1",0.0174070667357215
"6064","Klf5","Snai1",0.0259962151362952
"6065","Klf6","Snai1",0.00470547524236111
"6068","Mafk","Snai1",0.00164690535707827
"6073","Meis3","Snai1",0.0830002329652817
"6076","Mxd1","Snai1",0.0552959386937448
"6077","Myc","Snai1",0.00319861246613249
"6079","Nfe2l2","Snai1",0.00268193052932886
"6094","Pknox1","Snai1",0.0441120899308223
"6098","Relb","Snai1",0.0092329046513888
"6100","Rora","Snai1",0.00032448235305402
"6102","Runx2","Snai1",0.0124137161388829
"6127","Egr1","Snai3",0.0138517317542865
"6128","Egr2","Snai3",0.00815659849797663
"6143","Foxn3","Snai3",0.00377472266102969
"6167","Junb","Snai3",0.00287801243257396
"6173","Klf4","Snai3",0.0019491050563034
"6175","Klf6","Snai3",0.0132073765979057
"6204","Pknox1","Snai3",0.0110109065321308
"6216","Snai1","Snai3",0.0457959173854089
"6233","Ctcf","Sp1",0.0203804943622109
"6236","E2f3","Sp1",0.0377662955230791
"6237","E2f4","Sp1",0.00834401124422697
"6269","Ikzf3","Sp1",0.0167306016603466
"6280","Klf10","Sp1",0.00682908988287445
"6282","Klf2","Sp1",0.00486248484815636
"6283","Klf3","Sp1",0.0263525041753754
"6291","Maz","Sp1",0.171103941503358
"6292","Mbd2","Sp1",0.0274432681537775
"6293","Mecp2","Sp1",0.0199325135050794
"6312","Patz1","Sp1",0.0209614580551814
"6320","Rfx1","Sp1",0.0166425262714771
"6339","Bcl6","Sp110",0.00617708093698147
"6345","Ctcf","Sp110",2.2308203272908e-05
"6348","E2f3","Sp110",0.00045100920398452
"6358","Ets1","Sp110",0.00328908539629917
"6375","Hic1","Sp110",0.00865980792528221
"6395","Klf3","Sp110",0.0128633146987719
"6397","Klf5","Sp110",0.00410262159165594
"6398","Klf6","Sp110",0.0114402520232234
"6401","Mafk","Sp110",9.273809605915e-05
"6423","Nrf1","Sp110",0.00159170621145561
"6424","Patz1","Sp110",0.00382099776644062
"6428","Prdm1","Sp110",0.000176418342139372
"6432","Rfx1","Sp110",2.98287870494968e-05
"6433","Rora","Sp110",0.00256633972807077
"6445","Atf1","Sp2",0.000527372265647077
"6458","Ctcf","Sp2",0.00523696680630838
"6460","E2f1","Sp2",0.0218730295679342
"6461","E2f3","Sp2",0.0469643429905187
"6462","E2f4","Sp2",0.06620476196935
"6505","Klf10","Sp2",0.0367305250187532
"6507","Klf2","Sp2",0.00432621256000644
"6508","Klf3","Sp2",0.0797090393529182
"6515","Max","Sp2",0.00290228961112866
"6517","Mbd2","Sp2",0.0740630987935058
"6518","Mecp2","Sp2",0.0402519680854963
"6529","Nfya","Sp2",0.00892326094185015
"6530","Nfyb","Sp2",0.00696285326938357
"6536","Nrf1","Sp2",0.0298094295530159
"6537","Patz1","Sp2",0.0180526246588338
"6545","Rfx1","Sp2",0.0255577734609621
"6554","Sp1","Sp2",0.180359260275387
"6555","Sp110","Sp2",0.00253417617182703
"6556","Ahr","Sp3",1.56291218256882e-05
"6557","Arnt","Sp3",0.00727525066335662
"6559","Atf1","Sp3",0.00196634675422281
"6570","Creb1","Sp3",0.000955471024089099
"6572","Ctcf","Sp3",0.00191400775209807
"6574","E2f1","Sp3",0.0197059473233935
"6575","E2f3","Sp3",0.0192582403468185
"6576","E2f4","Sp3",0.0410942362617635
"6579","Elf1","Sp3",0.000120226326003259
"6584","Elk4","Sp3",0.00204018242358772
"6597","Gabpa","Sp3",0.00274561982411843
"6619","Klf10","Sp3",0.062168886082177
"6621","Klf2","Sp3",0.0203833381448649
"6622","Klf3","Sp3",0.143037374626927
"6625","Klf6","Sp3",0.00930954833108947
"6630","Maz","Sp3",0.02770787779664
"6631","Mbd2","Sp3",0.0212123522389961
"6632","Mecp2","Sp3",0.0153481837625405
"6643","Nfya","Sp3",0.00190557936922524
"6644","Nfyb","Sp3",0.00116955478678553
"6650","Nrf1","Sp3",0.00238583806337144
"6651","Patz1","Sp3",0.0793249928702586
"6654","Pknox1","Sp3",0.000580293272260066
"6659","Rfx1","Sp3",0.00252995348126285
"6668","Sp1","Sp3",0.135318170737799
"6669","Sp110","Sp3",0.00905333607887869
"6670","Sp2","Sp3",0.17436252752964
"6672","Arnt","Sp4",0.00974341876869513
"6687","Ctcf","Sp4",0.0252913065557981
"6689","E2f1","Sp4",0.0118489884864201
"6690","E2f3","Sp4",0.00124429529247366
"6691","E2f4","Sp4",0.180363017808192
"6692","Egr1","Sp4",0.00527836457603982
"6694","Elf1","Sp4",0.00573688891428186
"6695","Elf2","Sp4",0.00459551553628324
"6699","Elk4","Sp4",0.0127285449335332
"6712","Gabpa","Sp4",0.0178431624225175
"6722","Ikzf1","Sp4",0.00515645250768149
"6734","Klf10","Sp4",0.0139695756075171
"6735","Klf13","Sp4",0.0334938210263028
"6736","Klf2","Sp4",0.0778630205698286
"6737","Klf3","Sp4",0.0891339576263764
"6741","Klf7","Sp4",0.0119237693703661
"6742","Klf8","Sp4",0.0491084566556584
"6745","Maz","Sp4",0.0373456383148558
"6747","Mecp2","Sp4",0.0102452963916407
"6758","Nfya","Sp4",0.0305987075162799
"6766","Patz1","Sp4",0.0208058190528139
"6774","Rfx1","Sp4",0.0192077036175804
"6780","Smad3","Sp4",0.00424144075182538
"6783","Sp1","Sp4",0.158606909771124
"6784","Sp110","Sp4",9.66539251431328e-05
"6785","Sp2","Sp4",0.0800375101495744
"6786","Sp3","Sp4",0.121822233033683
"6789","Arntl","Srebf1",0.0140914200709262
"6790","Atf1","Srebf1",0.00699328330572388
"6796","Bbx","Srebf1",0.00355091918214791
"6798","Bhlhe40","Srebf1",0.0884338167873041
"6808","Egr1","Srebf1",0.0103467233922816
"6809","Egr2","Srebf1",6.58044197369891e-05
"6811","Elf2","Srebf1",0.00367016680557517
"6816","Ets1","Srebf1",0.0036835087210626
"6819","Fli1","Srebf1",0.0130234472172839
"6824","Foxn3","Srebf1",0.0113474031711888
"6829","Gata3","Srebf1",0.00547977116305942
"6833","Hic1","Srebf1",0.0212144918502186
"6841","Irf2","Srebf1",0.00169877155927319
"6843","Irf4","Srebf1",0.00150616013735573
"6848","Junb","Srebf1",0.00839665452549361
"6850","Klf10","Srebf1",0.00905291529142855
"6854","Klf4","Srebf1",0.0152126891979249
"6855","Klf5","Srebf1",0.00311874364757563
"6858","Klf8","Srebf1",0.00335827532769014
"6859","Mafk","Srebf1",0.00180294762975137
"6863","Mecp2","Srebf1",0.00541466514395335
"6864","Meis3","Srebf1",0.000692245842523081
"6866","Mlx","Srebf1",0.0479697348872173
"6870","Nfe2l2","Srebf1",0.00354704652137679
"6885","Pknox1","Srebf1",0.0130261455374743
"6890","Rfx1","Srebf1",0.00320984026895656
"6891","Rora","Srebf1",0.0123573533871293
"6893","Runx2","Srebf1",0.00263715273857842
"6914","Bcl6","Srebf2",0.0170245564527185
"6920","Ctcf","Srebf2",0.000181796173181339
"6927","Elf1","Srebf2",0.00645798659532621
"6933","Ets1","Srebf2",0.00523643032925704
"6950","Hic1","Srebf2",0.0105822416179559
"6967","Klf10","Srebf2",0.0306232979781444
"6969","Klf2","Srebf2",0.00422542346230203
"6970","Klf3","Srebf2",0.0127836452459138
"6971","Klf4","Srebf2",0.000753923187503481
"6972","Klf5","Srebf2",0.0176405324864538
"6973","Klf6","Srebf2",0.00130849319196215
"6978","Maz","Srebf2",0.00624793243160915
"6981","Meis3","Srebf2",0.0015567430065703
"6989","Nfkb1","Srebf2",0.00380833614374893
"6990","Nfkb2","Srebf2",0.00205889865856105
"6999","Patz1","Srebf2",0.0389461497812498
"7002","Pknox1","Srebf2",0.00155811044137941
"7005","Rela","Srebf2",0.0257488771027429
"7007","Rfx1","Srebf2",0.001318949735338
"7010","Runx2","Srebf2",0.00295264562050393
"7013","Smad3","Srebf2",0.00419924744935898
"7016","Sp1","Srebf2",0.00166861055939496
"7017","Sp110","Srebf2",0.0052599436044247
"7019","Sp3","Srebf2",0.00579645151254343
"7021","Srebf1","Srebf2",0.254968176369181
"7030","Batf","Stat1",0.00204393398925866
"7031","Bbx","Stat1",0.00998493767129931
"7058","Foxj3","Stat1",0.0523346472693826
"7064","Gata3","Stat1",0.0093197978875471
"7075","Irf1","Stat1",0.156479151970925
"7076","Irf2","Stat1",0.0178617100885342
"7077","Irf3","Stat1",0.140296513877957
"7078","Irf4","Stat1",0.0196289052214702
"7080","Irf8","Stat1",0.0248998638715113
"7083","Junb","Stat1",0.00511973124682394
"7094","Mafk","Stat1",0.00435913719185738
"7104","Nfatc1","Stat1",0.00226484634278258
"7108","Nfkb2","Stat1",0.00133504136501335
"7113","Nr4a1","Stat1",0.00709386984863372
"7114","Nr4a2","Stat1",0.00222393209590515
"7122","Rel","Stat1",0.000839206230221464
"7124","Relb","Stat1",0.00423814622802812
"7127","Runx1","Stat1",0.00450769353691723
"7128","Runx2","Stat1",0.006851122158166
"7177","Foxj3","Stat2",0.0315942414083479
"7194","Irf1","Stat2",0.183697295008766
"7195","Irf2","Stat2",0.10534000664393
"7196","Irf3","Stat2",0.120748923209445
"7197","Irf4","Stat2",0.034083319192031
"7198","Irf7","Stat2",0.0719092146322166
"7199","Irf8","Stat2",0.0362180862302802
"7218","Meis3","Stat2",0.00362551522461135
"7240","Prdm1","Stat2",0.0104237019476736
"7241","Rel","Stat2",0.000535614757242993
"7260","Stat1","Stat2",0.312029201289234
"7265","Atf2","Stat3",0.00466246333219727
"7266","Atf3","Stat3",0.00671196031400057
"7268","Atf7","Stat3",0.00178760525753163
"7271","Bcl6","Stat3",0.0255255496153396
"7275","Creb1","Stat3",0.00100705059568263
"7285","Elf2","Stat3",0.0427182604295984
"7290","Ets1","Stat3",0.00223809635267527
"7292","Etv6","Stat3",0.0218724135794137
"7298","Foxn3","Stat3",0.021171857940394
"7303","Gata3","Stat3",0.00176459320680266
"7307","Hic1","Stat3",0.00368924223296705
"7321","Jun","Stat3",0.00519445625588467
"7323","Jund","Stat3",0.00143301090129895
"7328","Klf4","Stat3",0.00878693359361932
"7338","Meis3","Stat3",0.00175754278741106
"7359","Pknox1","Stat3",0.00608324315916873
"7391","Bbx","Stat4",0.00670532219090869
"7392","Bcl6","Stat4",0.0476203454205578
"7406","Elf2","Stat4",0.0100103922579072
"7411","Ets1","Stat4",0.000411324131350546
"7413","Etv6","Stat4",0.00503898872333424
"7419","Foxn3","Stat4",0.000624574588916053
"7424","Gata3","Stat4",0.0172522797983752
"7444","Jund","Stat4",0.00244370608595278
"7459","Meis3","Stat4",0.0173301964000772
"7464","Nfatc1","Stat4",0.000115459300650825
"7482","Rel","Stat4",0.0028528527630913
"7486","Rora","Stat4",0.00415606335159397
"7488","Runx2","Stat4",0.00375856098669781
"7501","Stat1","Stat4",0.00106023223568691
"7502","Stat2","Stat4",0.00142189900500753
"7503","Stat3","Stat4",0.566789932861481
"7512","Batf","Stat6",0.00456463022374751
"7513","Bbx","Stat6",0.00771119444538036
"7514","Bcl6","Stat6",0.010394348016415
"7533","Ets1","Stat6",0.00791403064386339
"7535","Etv6","Stat6",0.0206617405988146
"7540","Foxj3","Stat6",0.00450161621496784
"7541","Foxn3","Stat6",0.0216821967202884
"7546","Gata3","Stat6",0.0189740724800553
"7558","Irf2","Stat6",0.00704630663382352
"7562","Irf8","Stat6",0.0110323890263602
"7565","Junb","Stat6",0.00662853374486227
"7573","Klf6","Stat6",0.00264424406114764
"7581","Meis3","Stat6",0.00281830876299275
"7604","Rel","Stat6",0.01171182081112
"7609","Runx1","Stat6",0.00538617791044495
"7610","Runx2","Stat6",0.00880024032648527
"7626","Stat4","Stat6",0.00703232634785029
"7628","Arnt","Taf1",0.00294417900270585
"7643","Ctcf","Taf1",0.0290195120244035
"7646","E2f3","Taf1",0.00596239237372353
"7655","Elk4","Taf1",0.0153588409714744
"7668","Gabpa","Taf1",0.00269217510182875
"7693","Klf3","Taf1",0.000361864768810729
"7701","Maz","Taf1",0.0165373534384042
"7702","Mbd2","Taf1",0.014439129383662
"7703","Mecp2","Taf1",0.0131245052192423
"7714","Nfya","Taf1",0.0114897458811553
"7715","Nfyb","Taf1",0.0177755288480106
"7721","Nrf1","Taf1",0.0154783793726167
"7722","Patz1","Taf1",0.00265177561837921
"7728","Rela","Taf1",0.00759454936133266
"7730","Rfx1","Taf1",0.0120534534483122
"7739","Sp1","Taf1",0.0310435489042899
"7740","Sp110","Taf1",0.00740291179387325
"7741","Sp2","Taf1",0.0239081703917062
"7742","Sp3","Taf1",0.00780206976777887
"7743","Sp4","Taf1",0.023424834144194
"7755","Atf2","Tbx21",0.000350780676228747
"7759","Batf","Tbx21",0.0274509786015486
"7760","Bbx","Tbx21",0.0300192306338844
"7761","Bcl6","Tbx21",0.0264787802418123
"7763","Cbfb","Tbx21",0.00725817062855657
"7764","Cdx1","Tbx21",0.00172041292267652
"7767","Ctcf","Tbx21",0.00583124743538113
"7768","Ddit3","Tbx21",0.00735415526390126
"7773","Egr2","Tbx21",0.0114621456269629
"7775","Elf2","Tbx21",0.00955032580145929
"7780","Ets1","Tbx21",0.0105451633772613
"7782","Etv6","Tbx21",0.028200142549548
"7784","Fos","Tbx21",0.00275284860221564
"7785","Fosb","Tbx21",0.00171344577183585
"7786","Fosl2","Tbx21",0.00103438201725832
"7788","Foxn3","Tbx21",0.0278387535302289
"7789","Foxo1","Tbx21",0.00562741967238412
"7793","Gata3","Tbx21",0.0286804911331875
"7801","Hsf2","Tbx21",0.0100491641228838
"7802","Ikzf1","Tbx21",0.013603994668917
"7807","Irf4","Tbx21",0.034498130218085
"7808","Irf7","Tbx21",0.000956902844039623
"7809","Irf8","Tbx21",0.00758568621547916
"7811","Jun","Tbx21",0.00592247813747347
"7812","Junb","Tbx21",0.0149497114184291
"7813","Jund","Tbx21",0.0140048098335301
"7823","Mafk","Tbx21",0.0160111081773758
"7828","Meis3","Tbx21",0.0421005853703232
"7833","Nfatc1","Tbx21",0.0245993232801652
"7834","Nfe2l2","Tbx21",0.0150691761762622
"7837","Nfkb2","Tbx21",0.00530999101779223
"7841","Nr1i3","Tbx21",0.00349543527560462
"7842","Nr4a1","Tbx21",0.00899413552335302
"7843","Nr4a2","Tbx21",0.0178962210418212
"7849","Pknox1","Tbx21",0.0114808082052563
"7851","Rel","Tbx21",0.00325795740596237
"7852","Rela","Tbx21",0.0149042301595192
"7855","Rora","Tbx21",0.0240696667090877
"7856","Runx1","Tbx21",0.0221236520241948
"7857","Runx2","Tbx21",0.0275069342966835
"7858","Runx3","Tbx21",0.00173225006770012
"7860","Smad3","Tbx21",0.030318332970251
"7861","Snai1","Tbx21",0.0190664486236819
"7868","Srebf1","Tbx21",0.0026581742589127
"7872","Stat3","Tbx21",0.00939390538233331
"7885","Bbx","Tcf12",0.000716411349767132
"7886","Bcl6","Tcf12",0.000208477763668226
"7888","Cbfb","Tcf12",0.00780940189767913
"7892","Ctcf","Tcf12",0.0605850419388286
"7900","Elf2","Tcf12",0.0146310048960108
"7905","Ets1","Tcf12",0.0103931802307428
"7907","Etv6","Tcf12",0.00107260561977956
"7914","Foxo1","Tcf12",0.00829137165383893
"7922","Hic1","Tcf12",0.0194239482606649
"7927","Ikzf1","Tcf12",0.0133164701738879
"7928","Ikzf3","Tcf12",0.0074533122716308
"7938","Jund","Tcf12",0.0098839246632579
"7939","Klf10","Tcf12",0.00552436914165885
"7941","Klf2","Tcf12",0.0078827842269391
"7947","Klf8","Tcf12",0.00347274640375672
"7948","Mafk","Tcf12",0.00267333153077338
"7950","Maz","Tcf12",0.0124687854836383
"7952","Mecp2","Tcf12",0.00699016946980705
"7953","Meis3","Tcf12",0.00354518015177077
"7961","Nfkb1","Tcf12",0.00904107522503088
"7962","Nfkb2","Tcf12",0.00492595569101157
"7971","Patz1","Tcf12",0.0104795428457021
"7974","Pknox1","Tcf12",0.00624419719072122
"7977","Rela","Tcf12",0.00426152852238102
"7979","Rfx1","Tcf12",0.0186460315499735
"7980","Rora","Tcf12",0.00485185209832502
"7983","Runx3","Tcf12",0.000848857733153183
"7985","Smad3","Tcf12",0.0613505599691025
"7986","Snai1","Tcf12",0.0998924513171431
"7987","Snai3","Tcf12",0.0186170025138011
"7988","Sp1","Tcf12",0.0117180332161558
"7989","Sp110","Tcf12",0.0116269295991854
"7992","Sp4","Tcf12",0.00846820872353513
"7994","Srebf2","Tcf12",0.0123868528020074
"8001","Tbx21","Tcf12",0.0318941505016677
"8006","Atf2","Tcf3",0.00238771816328912
"8012","Bcl6","Tcf3",0.00319018416779621
"8018","Ctcf","Tcf3",0.0340479294488948
"8031","Ets1","Tcf3",0.0138082495501827
"8033","Etv6","Tcf3",0.00835274886270829
"8040","Foxo1","Tcf3",0.00195830744467165
"8044","Gata3","Tcf3",0.00843560324041783
"8048","Hic1","Tcf3",0.00803172719972976
"8054","Ikzf3","Tcf3",0.00232167005231725
"8065","Klf10","Tcf3",0.00184456417808018
"8067","Klf2","Tcf3",0.0107377718786195
"8073","Klf8","Tcf3",0.000356696225823609
"8074","Mafk","Tcf3",0.0023620207304171
"8079","Meis3","Tcf3",0.0186916341195709
"8085","Nfe2l2","Tcf3",0.000684965004442027
"8100","Pknox1","Tcf3",0.0149443978384336
"8105","Rfx1","Tcf3",0.00281389976823348
"8107","Runx1","Tcf3",0.00502039707017493
"8108","Runx2","Tcf3",0.00843879497533462
"8109","Runx3","Tcf3",0.00748619481741584
"8111","Smad3","Tcf3",0.0220034750844052
"8113","Snai3","Tcf3",0.237385319039673
"8123","Stat3","Tcf3",0.00271682235160476
"8124","Stat4","Tcf3",0.00330679104983875
"8127","Tbx21","Tcf3",0.0321264876244726
"8128","Tcf12","Tcf3",0.373979975697889
"8133","Atf2","Tcf7",0.00660682655045531
"8138","Bbx","Tcf7",0.0334936673567209
"8139","Bcl6","Tcf7",0.0432033821150922
"8141","Cbfb","Tcf7",0.0146542859342392
"8145","Ctcf","Tcf7",0.00023259149996885
"8146","Ddit3","Tcf7",0.00365784351857524
"8158","Ets1","Tcf7",0.00557794758104679
"8160","Etv6","Tcf7",0.0400099265949117
"8165","Foxj3","Tcf7",0.0205460804668043
"8166","Foxn3","Tcf7",0.00400030596615419
"8171","Gata3","Tcf7",0.02670219960793
"8180","Ikzf1","Tcf7",0.00823903171925063
"8183","Irf2","Tcf7",0.0303156288575247
"8184","Irf3","Tcf7",0.0299311314566545
"8185","Irf4","Tcf7",0.00498617453316152
"8186","Irf7","Tcf7",0.0382503838884137
"8191","Jund","Tcf7",0.00173136286146759
"8221","Nr4a2","Tcf7",0.00396761658731745
"8228","Prdm1","Tcf7",0.00749881185650186
"8229","Rel","Tcf7",0.00259990652048846
"8230","Rela","Tcf7",0.00399195085873572
"8233","Rora","Tcf7",0.0073976206257995
"8234","Runx1","Tcf7",0.0117184764913384
"8235","Runx2","Tcf7",0.00815981209458756
"8236","Runx3","Tcf7",0.00556546225206227
"8238","Smad3","Tcf7",0.0128853815557232
"8248","Stat1","Tcf7",0.0210389801358901
"8249","Stat2","Tcf7",0.00426426885050596
"8251","Stat4","Tcf7",0.0141718326512102
"8254","Tbx21","Tcf7",0.0172855463980994
"8256","Tcf3","Tcf7",0.0646332360578831
"8264","Atf7","Tef",0.011081454325792
"8272","Crem","Tef",0.000427885917583426
"8341","Nfil3","Tef",0.35747817412435
"8404","E2f1","Tfdp1",0.0886797682104727
"8405","E2f3","Tfdp1",0.281573647800252
"8406","E2f4","Tfdp1",0.0395466642190383
"8418","Fli1","Tfdp1",0.00595205132261685
"8449","Klf10","Tfdp1",0.00451266794110057
"8480","Nrf1","Tfdp1",0.0048321020338047
"8489","Rfx1","Tfdp1",0.000428559118982247
"8500","Sp2","Tfdp1",0.00211758496520684
"8518","Arntl","Tfe3",0.114938282882158
"8527","Bhlhe40","Tfe3",0.109488243387764
"8530","Creb1","Tfe3",0.00257004732773431
"8548","Fli1","Tfe3",0.0021176786430554
"8595","Mlx","Tfe3",0.116300001924436
"8620","Rora","Tfe3",0.00877878169592671
"8633","Srebf1","Tfe3",0.12495488616768
"8668","Egr1","Tgif1",0.00162594317793762
"8679","Fli1","Tgif1",0.00354551686290011
"8684","Foxn3","Tgif1",0.0162615994249647
"8708","Junb","Tgif1",0.0126871904598077
"8714","Klf4","Tgif1",0.00351028119721798
"8715","Klf5","Tgif1",0.00388114549239287
"8716","Klf6","Tgif1",0.000569969546151691
"8719","Mafk","Tgif1",0.0106137718857217
"8724","Meis3","Tgif1",0.29754173874465
"8745","Pknox1","Tgif1",0.174152326091556
"8751","Rora","Tgif1",0.000212759396430216
"8757","Snai1","Tgif1",0.168915584724253
"8772","Tbx21","Tgif1",0.00491765742684866
"8784","Atf3","Thap11",0.00711816625873154
"8788","Bbx","Thap11",0.00196050274515427
"8797","E2f1","Thap11",0.00469867129254108
"8811","Fli1","Thap11",0.0183154356815879
"8815","Foxj3","Thap11",1.6177758494239e-05
"8816","Foxn3","Thap11",0.0108492865583203
"8820","Gabpa","Thap11",0.000973615786345572
"8846","Klf4","Thap11",0.015662371992049
"8847","Klf5","Thap11",0.0035905845332999
"8848","Klf6","Thap11",0.000299777165362255
"8859","Mxd1","Thap11",0.00145945222295876
"8873","Nrf1","Thap11",0.00687551073844961
"8883","Rora","Thap11",0.00603010104182222
"8900","Stat3","Thap11",0.0292428927406548
"8915","Atf1","Thrb",0.000599565534089981
"8916","Atf2","Thrb",0.0170159342711124
"8919","Atf7","Thrb",0.00471172969851828
"8933","Egr1","Thrb",0.0051565627649145
"8934","Egr2","Thrb",0.000605317344684513
"8979","Klf4","Thrb",0.00244174639649653
"9027","Sp3","Thrb",0.00609679948950763
"9030","Srebf2","Thrb",0.00196561243446008
"9228","Hlx","Tlx2",0.41155319645939
"9240","Isl2","Tlx2",0.0358574745552676
"9321","Atf2","Trp53",0.0111746516767314
"9326","Bbx","Trp53",0.00793214782646131
"9327","Bcl6","Trp53",0.000621325890267638
"9338","Egr1","Trp53",0.00116333416048527
"9339","Egr2","Trp53",0.0119928593495378
"9346","Ets1","Trp53",0.00824797652391807
"9349","Fli1","Trp53",0.00820489532297283
"9353","Foxj3","Trp53",0.00437750094739375
"9354","Foxn3","Trp53",0.0324181311221785
"9355","Foxo1","Trp53",0.01015563629632
"9359","Gata3","Trp53",0.0245783563072306
"9363","Hic1","Trp53",0.0366644077950465
"9369","Ikzf3","Trp53",0.00755928362793062
"9372","Irf3","Trp53",0.0126419498849882
"9373","Irf4","Trp53",0.0208842390183525
"9374","Irf7","Trp53",0.00682121304592894
"9378","Junb","Trp53",0.0184085633586309
"9381","Klf13","Trp53",0.0040039853328218
"9384","Klf4","Trp53",0.00495956243883777
"9385","Klf5","Trp53",0.00436849577459772
"9386","Klf6","Trp53",0.0013015059111085
"9394","Meis3","Trp53",0.0189693652209354
"9403","Nfkb2","Trp53",0.00391303365197233
"9415","Pknox1","Trp53",0.0190079151514033
"9417","Rel","Trp53",0.0068767171551171
"9418","Rela","Trp53",0.00325590243099066
"9421","Rora","Trp53",0.0116563388236729
"9423","Runx2","Trp53",0.0181631139114009
"9426","Smad3","Trp53",0.0129299060400468
"9427","Snai1","Trp53",0.0308649141512427
"9438","Stat3","Trp53",0.0070350093506915
"9439","Stat4","Trp53",0.0109041268045131
"9442","Tbx21","Trp53",0.0213576803185563
"9444","Tcf3","Trp53",0.00640514581678545
"9448","Tfe3","Trp53",0.00388691403686642
"9455","Arnt","Usf1",0.0338685956979092
"9456","Arntl","Usf1",0.134384369378543
"9465","Bhlhe40","Usf1",0.0232551063145609
"9475","Egr1","Usf1",0.00343555864174329
"9491","Foxn3","Usf1",0.00030570736680461
"9533","Mlx","Usf1",0.164169533622774
"9571","Srebf1","Usf1",0.0932857764795572
"9585","Tfe3","Usf1",0.306994286282017
"9593","Arnt","Usf2",0.105637745704185
"9594","Arntl","Usf2",0.146091405066256
"9610","E2f1","Usf2",0.0015750008712266
"9611","E2f3","Usf2",0.00372669522213703
"9616","Elf2","Usf2",0.00603493666310956
"9621","Ets1","Usf2",0.00209350186358006
"9657","Klf2","Usf2",0.00303234942239232
"9658","Klf3","Usf2",0.00634072188410644
"9663","Klf8","Usf2",0.00469081751202686
"9665","Max","Usf2",0.0260131227157244
"9668","Mecp2","Usf2",0.00442355823572375
"9671","Mlx","Usf2",0.0137356488755479
"9695","Rfx1","Usf2",0.00587874316432794
"9704","Sp1","Usf2",0.00118683407692621
"9706","Sp2","Usf2",0.000621203318149636
"9707","Sp3","Usf2",0.00545001531808486
"9708","Sp4","Usf2",0.00631733380193114
"9709","Srebf1","Usf2",0.0122964907127483
"9716","Taf1","Usf2",0.0180288957517149
"9723","Tfe3","Usf2",0.154933535740792
"9729","Trp53","Usf2",0.0101198133976183
"9730","Usf1","Usf2",0.297729747272497
"9731","Ahr","Wt1",0.0051366120897348
"9741","Bcl6","Wt1",0.00884248206800432
"9746","Crem","Wt1",0.00796369070553503
"9750","E2f3","Wt1",0.00463710483424456
"9752","Egr1","Wt1",0.0613408558292659
"9753","Egr2","Wt1",0.0606901804426605
"9763","Fli1","Wt1",0.0025845885408362
"9768","Foxn3","Wt1",0.00652120761908271
"9777","Hic1","Wt1",0.000920667362788529
"9783","Ikzf3","Wt1",0.012532160512627
"9792","Junb","Wt1",0.000333096934725919
"9794","Klf10","Wt1",0.0347450346202133
"9799","Klf5","Wt1",0.0740213351752728
"9800","Klf6","Wt1",0.190941507701678
"9803","Mafk","Wt1",0.0154622137372491
"9806","Mbd2","Wt1",0.0110972758831682
"9812","Myc","Wt1",0.0162462662244808
"9817","Nfkb2","Wt1",0.00211740924161751
"9820","Nfyc","Wt1",0.0103502076109899
"9822","Nr4a1","Wt1",0.00146366027791198
"9825","Nrf1","Wt1",0.0136705024092321
"9832","Rela","Wt1",0.0880713944846639
"9833","Relb","Wt1",0.00218329630533911
"9841","Snai1","Wt1",0.00522825467457965
"9842","Snai3","Wt1",0.00613646529093997
"9844","Sp110","Wt1",0.00253440744904056
"9845","Sp2","Wt1",0.0132219708731327
"9846","Sp3","Wt1",0.0136331673643619
"9849","Srebf2","Wt1",0.00171065965742907
"9855","Taf1","Wt1",0.0133430440704238
"9864","Thap11","Wt1",0.00364306219735514
"9865","Thrb","Wt1",0.000174300399110355
"9868","Trp53","Wt1",0.00539178915933303
"9873","Arntl","Xbp1",0.0618853701666149
"9874","Atf1","Xbp1",0.075136047581646
"9876","Atf3","Xbp1",0.0862828280275533
"9892","Egr1","Xbp1",0.00611294282534668
"9893","Egr2","Xbp1",0.00417701819761912
"9934","Klf10","Xbp1",0.00402588562973596
"9937","Klf3","Xbp1",0.00113529000801051
"9938","Klf4","Xbp1",0.00621411593777764
"9940","Klf6","Xbp1",0.0135808916404921
"9950","Mlx","Xbp1",0.0358340243904439
"9959","Nfyb","Xbp1",0.00233158113805086
"9960","Nfyc","Xbp1",0.00162926394422057
"9965","Nrf1","Xbp1",0.00788982968570655
"10002","Tfe3","Xbp1",0.0671840392349785
"10009","Usf1","Xbp1",0.00777112635234944
"10010","Usf2","Xbp1",0.0058849852001683
"10011","Wt1","Xbp1",0.00706546355900515
"10012","Ahr","Zbtb17",0.0125666393379263
"10015","Atf1","Zbtb17",0.00174997823175472
"10018","Atf4","Zbtb17",0.00154729564312813
"10026","Creb1","Zbtb17",0.000868923392843102
"10030","E2f1","Zbtb17",0.0228136770455061
"10031","E2f3","Zbtb17",0.0243888787340223
"10033","Egr1","Zbtb17",0.0268711920016583
"10034","Egr2","Zbtb17",0.0150233411022098
"10056","Glis3","Zbtb17",0.0032702545380518
"10064","Ikzf3","Zbtb17",0.0219711539092404
"10075","Klf10","Zbtb17",0.0365781262729361
"10078","Klf3","Zbtb17",0.0227154223398698
"10081","Klf6","Zbtb17",0.0577767171385385
"10086","Maz","Zbtb17",0.057935543952285
"10087","Mbd2","Zbtb17",0.0321362576307154
"10088","Mecp2","Zbtb17",0.000127220256995561
"10093","Myc","Zbtb17",0.014056502819131
"10097","Nfkb1","Zbtb17",0.00612141871093004
"10100","Nfyb","Zbtb17",0.00612519924587591
"10106","Nrf1","Zbtb17",0.00974969774622136
"10107","Patz1","Zbtb17",0.0726507841562503
"10110","Pknox1","Zbtb17",0.00681304652858534
"10113","Rela","Zbtb17",0.00166299174550749
"10115","Rfx1","Zbtb17",0.00110388356276095
"10124","Sp1","Zbtb17",0.0895432690635207
"10125","Sp110","Zbtb17",0.0106212379091903
"10126","Sp2","Zbtb17",0.084458728575877
"10127","Sp3","Zbtb17",0.102236460243604
"10128","Sp4","Zbtb17",0.0034062435643227
"10130","Srebf2","Zbtb17",0.0210883565282034
"10135","Stat6","Zbtb17",0.00371301551169712
"10136","Taf1","Zbtb17",0.0131105481550617
"10146","Thrb","Zbtb17",0.0029772881854095
"10152","Wt1","Zbtb17",0.203814140168419
"10159","Atf3","Zbtb3",0.00153492980841551
"10164","Bcl6","Zbtb3",0.00779197454815434
"10170","Ctcf","Zbtb3",0.0224449936822105
"10178","Elf2","Zbtb3",0.00417353899701386
"10183","Ets1","Zbtb3",0.00216367437591571
"10189","Fosl2","Zbtb3",0.00363685341426798
"10191","Foxn3","Zbtb3",0.0151720150443479
"10215","Junb","Zbtb3",0.00950873474825273
"10217","Klf10","Zbtb3",0.00428615743391424
"10220","Klf3","Zbtb3",0.00834042626556495
"10225","Klf8","Zbtb3",0.00582487709833246
"10260","Runx2","Zbtb3",0.0139815506724375
"10280","Tcf12","Zbtb3",0.0107369922582386
"10281","Tcf3","Zbtb3",0.0185522220298065
"10282","Tcf7","Zbtb3",0.0048484194835832
"10294","Wt1","Zbtb3",0.00474449393538903
"10296","Zbtb17","Zbtb3",0.0073512816553786
"10315","E2f1","Zfp143",0.000521750477629228
"10316","E2f3","Zfp143",0.00872335701565649
"10317","E2f4","Zfp143",0.00338988446733301
"10333","Foxj3","Zfp143",0.000607360098169931
"10334","Foxn3","Zfp143",0.00141856481845191
"10338","Gabpa","Zfp143",0.00374370509040965
"10348","Ikzf1","Zfp143",0.000300593576808163
"10360","Klf10","Zfp143",0.00981779524039373
"10363","Klf3","Zfp143",0.0017673965230237
"10367","Klf7","Zfp143",0.00223718552757323
"10368","Klf8","Zfp143",0.00662356520199804
"10373","Mecp2","Zfp143",0.0167997349973199
"10378","Myc","Zfp143",0.00898746037228045
"10391","Nrf1","Zfp143",0.0295300147724405
"10392","Patz1","Zfp143",0.00347889672083383
"10412","Sp3","Zfp143",6.81596369027545e-05
"10413","Sp4","Zfp143",0.0144899169492387
"10418","Stat3","Zfp143",0.0340174396175719
"10430","Thap11","Zfp143",0.596157582859392
"10434","Trp53","Zfp143",0.00892550765062141
"10437","Wt1","Zfp143",0.00557648491240681
"10439","Zbtb17","Zfp143",0.00355382620582011
"10450","Bbx","Zfp212",0.0136101732443993
"10451","Bcl6","Zfp212",0.110512606247127
"10472","Etv6","Zfp212",0.00176621440144582
"10476","Fosl2","Zfp212",0.00535004762456137
"10478","Foxn3","Zfp212",0.0145990256263655
"10483","Gata3","Zfp212",0.0184736716027519
"10496","Irf3","Zfp212",0.101295640203065
"10497","Irf4","Zfp212",0.00611327153792246
"10502","Junb","Zfp212",0.000528907147462446
"10513","Mafk","Zfp212",0.00266440481963314
"10524","Nfe2l2","Zfp212",0.00617118059926807
"10540","Prdm1","Zfp212",0.0231360980574472
"10542","Rela","Zfp212",0.0687645421183277
"10546","Runx1","Zfp212",0.00349166572838892
"10547","Runx2","Zfp212",0.000334503704730711
"10566","Tbx21","Zfp212",0.026049168368458
"10569","Tcf7","Zfp212",0.0190076609086721
"10578","Trp53","Zfp212",0.00310334071575598
"10596","Bcl6","Zfp260",0.0563945475056736
"10614","Elk4","Zfp260",0.00132585807119561
"10615","Ets1","Zfp260",0.0195653540314918
"10638","Ikzf3","Zfp260",0.0268251032202217
"10641","Irf3","Zfp260",0.00537749432645656
"10660","Maz","Zfp260",0.0719157852462928
"10662","Mecp2","Zfp260",0.00936303087150584
"10685","Prdm1","Zfp260",0.00326593777304909
"10687","Rela","Zfp260",0.0757295923562134
"10695","Smad3","Zfp260",0.000855337567123633
"10698","Sp1","Zfp260",0.0116491359674298
"10710","Taf1","Zfp260",0.0616071128936542
"10726","Wt1","Zfp260",0.0331316019241933
"10728","Zbtb17","Zfp260",0.0142153196477162
"10729","Zbtb3","Zfp260",0.00794040904839287
"10742","Bcl6","Zfp263",0.00374177069021383
"10751","E2f3","Zfp263",0.0226871534067039
"10753","Egr1","Zfp263",0.00336432300921269
"10754","Egr2","Zfp263",0.00788384794511409
"10755","Elf1","Zfp263",0.010908571839028
"10756","Elf2","Zfp263",0.00791951579545857
"10764","Fli1","Zfp263",0.00033690979613828
"10778","Hic1","Zfp263",0.00690388999233687
"10798","Klf3","Zfp263",0.00690731491862176
"10801","Klf6","Zfp263",0.0014544569969738
"10808","Mecp2","Zfp263",8.07724023524057e-05
"10826","Nrf1","Zfp263",0.00189764693518317
"10830","Pknox1","Zfp263",0.00415376790051022
"10846","Sp2","Zfp263",0.00485325263895178
"10847","Sp3","Zfp263",0.016038966830249
"10856","Taf1","Zfp263",0.00610285360055969
"10858","Tcf12","Zfp263",0.0120088505476256
"10859","Tcf3","Zfp263",0.00698949753790608
"10872","Wt1","Zfp263",0.00284346488427121
"10874","Zbtb17","Zfp263",0.016388884859296
"10878","Zfp260","Zfp263",0.016263915233274
"10883","Atf2","Zfp281",0.00751976218235376
"10888","Bbx","Zfp281",0.00275523790955503
"10889","Bcl6","Zfp281",0.004287445995169
"10895","Ctcf","Zfp281",0.0316170719860128
"10901","Egr2","Zfp281",0.039237799813158
"10903","Elf2","Zfp281",0.0141141996556341
"10908","Ets1","Zfp281",0.0017651700856226
"10923","Glis3","Zfp281",0.0196698221465866
"10925","Hic1","Zfp281",0.00662054914711574
"10929","Hsf2","Zfp281",0.00170702686152128
"10931","Ikzf3","Zfp281",0.0112610602766721
"10942","Klf10","Zfp281",0.0356860315739442
"10953","Maz","Zfp281",0.138028400715222
"10964","Nfkb1","Zfp281",0.00203554547143301
"10966","Nfya","Zfp281",0.00265572636008751
"10974","Patz1","Zfp281",0.0965557273122546
"10977","Pknox1","Zfp281",0.00792733635140152
"10980","Rela","Zfp281",0.0542322547062407
"10982","Rfx1","Zfp281",0.00491738822824298
"10988","Smad3","Zfp281",0.0143807588121526
"10991","Sp1","Zfp281",0.0307104310028132
"10992","Sp110","Zfp281",0.00137922455023077
"10994","Sp3","Zfp281",0.0636302516435121
"10995","Sp4","Zfp281",0.058714767227988
"10997","Srebf2","Zfp281",0.0625422382828093
"11003","Taf1","Zfp281",0.016898873469327
"11004","Tbx21","Zfp281",0.0104346314483916
"11005","Tcf12","Zfp281",0.0145756575169866
"11006","Tcf3","Zfp281",0.0103597984124994
"11013","Thrb","Zfp281",0.00835216063195872
"11019","Wt1","Zfp281",0.00932053402727231
"11021","Zbtb17","Zfp281",0.131749164205804
"11025","Zfp260","Zfp281",0.0194951363927654
"11026","Zfp263","Zfp281",0.0324769754604878
"11035","Batf","Zfp287",0.00218427647484348
"11036","Bbx","Zfp287",0.0110984806708491
"11037","Bcl6","Zfp287",0.0501053492468583
"11040","Cdx1","Zfp287",0.00673660428242014
"11063","Foxj3","Zfp287",0.105707519177715
"11069","Gata3","Zfp287",0.00940031077917621
"11080","Irf1","Zfp287",0.0321949035226868
"11082","Irf3","Zfp287",0.080316481653534
"11099","Mafk","Zfp287",0.000343334013099335
"11132","Runx1","Zfp287",0.0113371613601007
"11133","Runx2","Zfp287",0.00100797604957818
"11134","Runx3","Zfp287",0.0044919786119882
"11146","Stat1","Zfp287",0.191970513779303
"11147","Stat2","Zfp287",0.0427709475452585
"11155","Tcf7","Zfp287",0.0607354889761487
"11172","Zfp212","Zfp287",0.0266215226906799
"11177","Arnt","Zfp335",0.000934808601850013
"11185","Bbx","Zfp335",0.00908115993402087
"11186","Bcl6","Zfp335",0.0124324951379431
"11192","Ctcf","Zfp335",0.0203121234236965
"11199","Elf1","Zfp335",0.00759697683287775
"11200","Elf2","Zfp335",0.0153233305707878
"11205","Ets1","Zfp335",0.0279238513638672
"11207","Etv6","Zfp335",0.0048194846633813
"11212","Foxj3","Zfp335",0.000418090314645636
"11214","Foxo1","Zfp335",0.00777280389683891
"11222","Hic1","Zfp335",0.0173169862893094
"11228","Ikzf3","Zfp335",0.0066784441958184
"11231","Irf3","Zfp335",0.00319945685582664
"11238","Jund","Zfp335",0.00938091310857922
"11242","Klf3","Zfp335",0.00139487514173359
"11251","Mbd2","Zfp335",0.00314252768601896
"11252","Mecp2","Zfp335",0.00155021951900226
"11253","Meis3","Zfp335",0.00228186916419137
"11256","Mxd1","Zfp335",0.000853575812801494
"11274","Pknox1","Zfp335",0.0172981361916282
"11275","Prdm1","Zfp335",0.00711208356284287
"11277","Rela","Zfp335",0.00248505452694858
"11279","Rfx1","Zfp335",0.00775907117260103
"11285","Smad3","Zfp335",0.0198781836887261
"11288","Sp1","Zfp335",0.00815537117462164
"11289","Sp110","Zfp335",0.0106112763036939
"11290","Sp2","Zfp335",0.0241219371182869
"11291","Sp3","Zfp335",0.00277432474908466
"11292","Sp4","Zfp335",0.00935433046454029
"11294","Srebf2","Zfp335",0.0137896210667486
"11298","Stat4","Zfp335",0.00524341765153381
"11300","Taf1","Zfp335",0.00710351189563636
"11302","Tcf12","Zfp335",0.0133495903584573
"11303","Tcf3","Zfp335",0.0254826827376854
"11304","Tcf7","Zfp335",0.00381079592568667
"11313","Trp53","Zfp335",0.0225108510711279
"11316","Wt1","Zfp335",0.000363817801751647
"11318","Zbtb17","Zfp335",0.0100114168170553
"11321","Zfp212","Zfp335",0.00112054987714031
"11322","Zfp260","Zfp335",0.0139362686555518
"11324","Zfp281","Zfp335",8.06945419780273e-05
"11329","Atf1","Zfp341",0.0017233108113225
"11330","Atf2","Zfp341",0.00352176683140134
"11336","Bcl6","Zfp341",0.00362649144502823
"11342","Ctcf","Zfp341",0.010579126247113
"11345","E2f3","Zfp341",0.0362079780629062
"11349","Elf1","Zfp341",0.00136911443466872
"11354","Elk4","Zfp341",0.00784534659749109
"11369","Gfi1","Zfp341",0.00225748043699921
"11372","Hic1","Zfp341",0.00772728230185935
"11378","Ikzf3","Zfp341",0.0288855630214132
"11400","Maz","Zfp341",0.131232133338253
"11401","Mbd2","Zfp341",0.00634664846783757
"11402","Mecp2","Zfp341",0.000447753960057792
"11421","Patz1","Zfp341",0.0271482770867369
"11424","Pknox1","Zfp341",0.0112355109538657
"11427","Rela","Zfp341",0.0547750324806712
"11429","Rfx1","Zfp341",0.0209053308389986
"11437","Snai3","Zfp341",0.0037584240097335
"11438","Sp1","Zfp341",0.120750892955763
"11439","Sp110","Zfp341",0.0173080225209555
"11440","Sp2","Zfp341",0.0633416370539683
"11441","Sp3","Zfp341",0.0512741239873216
"11444","Srebf2","Zfp341",0.00992247727024783
"11449","Stat6","Zfp341",0.00216862578335158
"11450","Taf1","Zfp341",0.0241028981575752
"11452","Tcf12","Zfp341",0.00968009836863867
"11453","Tcf3","Zfp341",0.0182877226920314
"11465","Usf2","Zfp341",0.00135328242787774
"11466","Wt1","Zfp341",0.112434840994045
"11468","Zbtb17","Zfp341",0.113210635985887
"11469","Zbtb3","Zfp341",0.00624973339036803
"11472","Zfp260","Zfp341",0.0499712039982605
"11473","Zfp263","Zfp341",0.0196389420289267
"11474","Zfp281","Zfp341",0.0481278404925762
"11476","Zfp335","Zfp341",0.0267668584164149
"11481","Atf2","Zfp398",0.000696726254358139
"11487","Bcl6","Zfp398",0.0898787941599163
"11501","Elf2","Zfp398",0.00480383140417992
"11506","Ets1","Zfp398",0.0192945745723421
"11523","Hic1","Zfp398",0.00730250419286573
"11528","Ikzf1","Zfp398",0.00224883229050121
"11529","Ikzf3","Zfp398",0.019668262790532
"11532","Irf3","Zfp398",0.0552728118311862
"11551","Maz","Zfp398",0.0793797174222891
"11572","Patz1","Zfp398",0.00786199850871124
"11576","Prdm1","Zfp398",0.015478791074331
"11578","Rela","Zfp398",0.0800385767875124
"11586","Smad3","Zfp398",0.00930539222528071
"11590","Sp110","Zfp398",0.017605483575016
"11595","Srebf2","Zfp398",0.00939907570346693
"11601","Taf1","Zfp398",0.00442084613203916
"11602","Tbx21","Zfp398",0.00781208359462804
"11603","Tcf12","Zfp398",0.00706511598920812
"11604","Tcf3","Zfp398",0.012178437497146
"11605","Tcf7","Zfp398",0.00023827449380126
"11617","Wt1","Zfp398",0.0188192688845023
"11619","Zbtb17","Zfp398",0.0121266482196484
"11622","Zfp212","Zfp398",0.136399438946696
"11623","Zfp260","Zfp398",0.0542525859853299
"11625","Zfp281","Zfp398",0.000679755323539875
"11628","Zfp341","Zfp398",0.0453342176186737
"11638","Bbx","Zfp422",0.000273037641923181
"11665","Foxj3","Zfp422",0.170717501105621
"11671","Gata3","Zfp422",0.0048163963169582
"11682","Irf1","Zfp422",0.0169184336367898
"11684","Irf3","Zfp422",0.0311168983751759
"11689","Jun","Zfp422",0.00977855031728471
"11690","Junb","Zfp422",0.00652610169200935
"11711","Nfatc1","Zfp422",0.00626856923244487
"11748","Stat1","Zfp422",0.140897894885369
"11749","Stat2","Zfp422",0.0700759313728324
"11754","Tbx21","Zfp422",0.0015828893053041
"11778","Zfp287","Zfp422",0.218486485658896
"11800","E2f1","Zfp566",0.0165335548169948
"11801","E2f3","Zfp566",0.044443358059503
"11803","Egr1","Zfp566",0.0244716842331677
"11804","Egr2","Zfp566",0.00136175320950489
"11810","Elk4","Zfp566",0.00280329165151044
"11814","Fli1","Zfp566",0.0366149781307972
"11828","Hic1","Zfp566",0.00117935649833547
"11834","Ikzf3","Zfp566",0.00746022883414025
"11845","Klf10","Zfp566",0.00246903690668228
"11851","Klf6","Zfp566",0.0376170979399799
"11857","Mbd2","Zfp566",0.0412793760633079
"11858","Mecp2","Zfp566",0.0301983545770814
"11862","Mxd1","Zfp566",0.00853446293752918
"11863","Myc","Zfp566",0.00718134530432474
"11870","Nfyb","Zfp566",0.00204615056676567
"11876","Nrf1","Zfp566",0.0627771595383666
"11885","Rfx1","Zfp566",0.0326654245792122
"11894","Sp1","Zfp566",0.00930757129321779
"11895","Sp110","Zfp566",0.0294000303972613
"11896","Sp2","Zfp566",0.0833071431081709
"11905","Stat6","Zfp566",0.00258850383996941
"11906","Taf1","Zfp566",0.0376675296577856
"11912","Tfdp1","Zfp566",0.0426514043713179
"11915","Thap11","Zfp566",0.00349729854209201
"11922","Wt1","Zfp566",0.0975987059549122
"11923","Xbp1","Zfp566",0.00954211504105156
"11924","Zbtb17","Zfp566",0.0424752551983311
"11928","Zfp260","Zfp566",0.0243801974423033
"11932","Zfp335","Zfp566",0.0400220104837256
"11933","Zfp341","Zfp566",0.0506351243446945
"11939","Atf1","Zfp64",0.00300708049466248
"11950","Creb1","Zfp64",0.00310042652163361
"11954","E2f1","Zfp64",0.0174185054275517
"11955","E2f3","Zfp64",0.0300014775763133
"11957","Egr1","Zfp64",0.027443671307867
"11959","Elf1","Zfp64",0.00776337057826058
"11982","Hic1","Zfp64",0.015569278015264
"11988","Ikzf3","Zfp64",0.00800308254870646
"11999","Klf10","Zfp64",0.0124229713940427
"12002","Klf3","Zfp64",0.0111828393477991
"12005","Klf6","Zfp64",0.00817650940734032
"12009","Max","Zfp64",6.56422608081634e-05
"12011","Mbd2","Zfp64",0.0645113147846778
"12012","Mecp2","Zfp64",0.063184686363061
"12016","Mxd1","Zfp64",0.0158022730893933
"12017","Myc","Zfp64",0.0103211410581626
"12024","Nfyb","Zfp64",0.00701238177313836
"12030","Nrf1","Zfp64",0.0318943512652115
"12031","Patz1","Zfp64",0.00108799392497366
"12034","Pknox1","Zfp64",0.000795115003292245
"12039","Rfx1","Zfp64",0.0562538537857073
"12048","Sp1","Zfp64",0.0259591046405659
"12050","Sp2","Zfp64",0.0746149224545614
"12051","Sp3","Zfp64",0.0204689666393891
"12060","Taf1","Zfp64",0.00459619405708993
"12066","Tfdp1","Zfp64",0.0223266263349491
"12076","Wt1","Zfp64",0.01160994348691
"12078","Zbtb17","Zfp64",0.0115352956106967
"12082","Zfp260","Zfp64",0.000155523388914325
"12083","Zfp263","Zfp64",0.0214097846959755
"12086","Zfp335","Zfp64",0.0047708414579767
"12087","Zfp341","Zfp64",0.0191319808532249
"12090","Zfp566","Zfp64",0.073698491821246
"12111","E2f4","Zfp692",0.0121040549028614
"12114","Elf1","Zfp692",0.00570513103579938
"12115","Elf2","Zfp692",0.000757481022476251
"12123","Fli1","Zfp692",9.80740905686393e-05
"12154","Klf10","Zfp692",0.00794257735776834
"12156","Klf2","Zfp692",0.0187733865775787
"12157","Klf3","Zfp692",0.0266145581723598
"12158","Klf4","Zfp692",0.0266362151122734
"12160","Klf6","Zfp692",0.00424325492485184
"12162","Klf8","Zfp692",0.0279130432210687
"12167","Mecp2","Zfp692",0.0216370445994965
"12171","Mxd1","Zfp692",0.0171765619541353
"12172","Myc","Zfp692",0.0171550299367614
"12186","Patz1","Zfp692",0.0270906222042606
"12194","Rfx1","Zfp692",0.00135113513669658
"12205","Sp2","Zfp692",0.0269074490734448
"12206","Sp3","Zfp692",0.0136317572133069
"12207","Sp4","Zfp692",0.0132593774780216
"12217","Tcf12","Zfp692",0.0084068919313057
"12241","Zfp335","Zfp692",0.00464554461826117
"12245","Zfp566","Zfp692",0.0126727056980855
"12246","Zfp64","Zfp692",0.0518999850043454
"12268","Egr1","Zfp740",0.00829549770936407
"12269","Egr2","Zfp740",0.0112479248785626
"12279","Fli1","Zfp740",0.000958283966852848
"12310","Klf10","Zfp740",0.0325313926005864
"12321","Maz","Zfp740",0.00621354697073429
"12348","Rela","Zfp740",0.00643432036011427
"12362","Sp3","Zfp740",0.0187330885706152
"12387","Wt1","Zfp740",0.0106584237416212
"12389","Zbtb17","Zfp740",0.0314970849393217
"12395","Zfp281","Zfp740",0.183951429375639
"12418","Creb1","Zfx",0.00811945322453387
"12420","Ctcf","Zfx",0.0112797498029587
"12422","E2f1","Zfx",0.0232441224313053
"12423","E2f3","Zfx",0.0147820169105098
"12424","E2f4","Zfx",0.0348041692299502
"12425","Egr1","Zfx",0.018026187248818
"12426","Egr2","Zfx",0.00495990391872043
"12432","Elk4","Zfx",0.000949635750767636
"12436","Fli1","Zfx",0.015637051688712
"12445","Gabpa","Zfx",0.00336512326742317
"12450","Hic1","Zfx",0.0115050835812494
"12455","Ikzf1","Zfx",0.0200305127565195
"12456","Ikzf3","Zfx",0.0199528790476543
"12467","Klf10","Zfx",0.00488265714726602
"12469","Klf2","Zfx",0.0123432127955702
"12470","Klf3","Zfx",0.0216269849700613
"12473","Klf6","Zfx",0.0134338816839772
"12474","Klf7","Zfx",0.00550323331395017
"12475","Klf8","Zfx",0.0216025365875857
"12477","Max","Zfx",0.00356730745990735
"12479","Mbd2","Zfx",0.0229363891834692
"12480","Mecp2","Zfx",0.0316751982869987
"12492","Nfyb","Zfx",0.00230694629893077
"12498","Nrf1","Zfx",0.0505389740045615
"12499","Patz1","Zfx",0.0180163672196932
"12502","Pknox1","Zfx",0.00870519580754883
"12507","Rfx1","Zfx",0.0400423978501424
"12516","Sp1","Zfx",0.0256821385169893
"12517","Sp110","Zfx",0.0327180806367834
"12518","Sp2","Zfx",0.065065103840077
"12519","Sp3","Zfx",0.0229403325331903
"12520","Sp4","Zfx",0.0208576666695528
"12521","Srebf1","Zfx",0.00730951070412992
"12522","Srebf2","Zfx",0.000466704459685672
"12528","Taf1","Zfx",0.0401139804429687
"12530","Tcf12","Zfx",0.000156496859690692
"12531","Tcf3","Zfx",0.00588927777157245
"12541","Trp53","Zfx",0.0134395854665422
"12546","Zbtb17","Zfx",0.0029819161766331
"12547","Zbtb3","Zfx",0.0163006569736322
"12548","Zfp143","Zfx",0.0253675734405853
"12551","Zfp263","Zfx",0.00812699829303006
"12554","Zfp335","Zfx",0.026539690760686
"12555","Zfp341","Zfx",0.00612053595655163
"12556","Zfp398","Zfx",0.00870897858198756
"12558","Zfp566","Zfx",0.0642782403613037
"12559","Zfp64","Zfx",0.0560431295189496
"12560","Zfp692","Zfx",0.046590699304032
