"","row","col","corr"
"3","Arnt","Arntl",0.914328431322492
"4","Ahr","Atf1",0.0121244649179811
"10","Atf1","Atf2",0.24128959052601
"14","Atf1","Atf3",0.234489493620027
"15","Atf2","Atf3",0.218724383770128
"20","Atf2","Atf4",0.349861907217198
"22","Ahr","Atf7",0.0412867227332517
"25","Atf1","Atf7",0.691485819760466
"26","Atf2","Atf7",1.59505166397205
"27","Atf3","Atf7",0.284334774157887
"57","Arnt","Bhlhe40",0.531882360541659
"58","Arntl","Bhlhe40",0.637589365728286
"62","Atf4","Bhlhe40",0.00868727847678622
"70","Atf1","Cbfb",0.0803580658533642
"75","Batf","Cbfb",0.285724008034712
"87","Batf","Cdx1",0.168086560546899
"91","Cbfb","Cdx1",0.101224821097701
"95","Atf1","Creb1",1.36261309617507
"96","Atf2","Creb1",0.37404109930839
"97","Atf3","Creb1",0.208178238382454
"99","Atf7","Creb1",0.963089310911138
"104","Cbfb","Creb1",0.0526641106449784
"106","Ahr","Crem",0.0298055861210592
"109","Atf1","Crem",0.997772477586744
"110","Atf2","Crem",0.533858112865459
"111","Atf3","Crem",0.505922062448126
"112","Atf4","Crem",0.0891376139443835
"113","Atf7","Crem",1.03524623981968
"118","Cbfb","Crem",0.0803407750144895
"120","Creb1","Crem",0.988637223286238
"141","Atf2","Ddit3",0.168558689673145
"143","Atf4","Ddit3",0.822252280188918
"145","Batf","Ddit3",0.0100844438074943
"149","Cbfb","Ddit3",0.151908760103853
"168","Creb1","E2f1",0.0279569681719164
"190","E2f1","E2f3",0.332179308159373
"199","Batf","E2f4",0.057556104734662
"208","Ddit3","E2f4",0.0450679080178012
"209","E2f1","E2f4",0.793967391215728
"210","E2f3","E2f4",0.295065360338595
"211","Ahr","Egr1",0.132553410776926
"214","Atf1","Egr1",0.104386911161617
"225","Creb1","Egr1",0.00869339378577997
"226","Crem","Egr1",0.120579539742166
"229","E2f1","Egr1",0.136090760744682
"230","E2f3","Egr1",0.036964050693707
"231","E2f4","Egr1",0.0441763958719274
"232","Ahr","Egr2",0.199222518088387
"235","Atf1","Egr2",0.0270186949691487
"239","Atf7","Egr2",0.0367321378685365
"247","Crem","Egr2",0.108019938789864
"250","E2f1","Egr2",0.0242455335540342
"251","E2f3","Egr2",0.0384489956432602
"253","Egr1","Egr2",1.13036225082647
"254","Ahr","Elf1",0.110192633923269
"273","E2f3","Elf1",0.0159307736995394
"293","Ctcf","Elf2",0.164766702158282
"300","Elf1","Elf2",0.567353812051183
"302","Arnt","Elf4",0.0588582034009537
"324","Elf1","Elf4",0.558383135018004
"325","Elf2","Elf4",0.677714649925555
"326","Ahr","Elk1",0.0859996222508473
"345","E2f3","Elk1",0.00194172866734379
"349","Elf1","Elk1",0.652799273679988
"350","Elf2","Elk1",0.454068179113207
"351","Elf4","Elk1",0.749553592025646
"353","Arnt","Elk3",0.0821468910581037
"354","Arntl","Elk3",0.0510455519096863
"363","Bhlhe40","Elk3",0.205037910409527
"375","Elf1","Elk3",0.434235199404459
"376","Elf2","Elk3",0.128069557957292
"377","Elf4","Elk3",0.966918350775046
"378","Elk1","Elk3",0.88680270157629
"398","E2f3","Elk4",0.0371221090317263
"402","Elf1","Elk4",0.752443001635219
"403","Elf2","Elk4",0.409171195415168
"404","Elf4","Elk4",0.407479258047822
"405","Elk1","Elk4",0.641053510586741
"406","Elk3","Elk4",0.57303212693884
"423","Ctcf","Ets1",0.187411356189194
"430","Elf1","Ets1",0.498421950955879
"431","Elf2","Ets1",0.967726564304834
"432","Elf4","Ets1",0.0280913185136836
"433","Elk1","Ets1",0.352326421351013
"434","Elk3","Ets1",0.00597359885294251
"435","Elk4","Ets1",0.651199212084948
"459","Elf1","Etv3",0.430801629857849
"460","Elf2","Etv3",0.151247153679935
"461","Elf4","Etv3",0.739850776277856
"462","Elk1","Etv3",0.602650301871045
"463","Elk3","Etv3",0.692048558464471
"464","Elk4","Etv3",0.564704065995848
"465","Ets1","Etv3",0.33996894188161
"478","Cbfb","Etv6",0.215701161641787
"481","Crem","Etv6",0.151127944169704
"489","Elf1","Etv6",0.164041160318739
"490","Elf2","Etv6",1.06140746794803
"491","Elf4","Etv6",0.0377303532697906
"492","Elk1","Etv6",0.0848066687241714
"494","Elk4","Etv6",0.096154052265472
"495","Ets1","Etv6",1.35222463733804
"496","Etv3","Etv6",0.368540433893884
"497","Ahr","Fli1",0.0275339567181917
"516","E2f3","Fli1",0.0323351065331008
"520","Elf1","Fli1",0.752050478703326
"521","Elf2","Fli1",0.163168256341009
"522","Elf4","Fli1",0.430345597431286
"523","Elk1","Fli1",0.668675093788803
"524","Elk3","Fli1",0.68553728783822
"525","Elk4","Fli1",0.914681864394546
"526","Ets1","Fli1",0.426116691641963
"527","Etv3","Fli1",0.72987837494283
"537","Batf","Fos",0.924178762690124
"541","Cbfb","Fos",0.00593469669459944
"542","Cdx1","Fos",0.116648365352185
"546","Ddit3","Fos",0.0904433649584975
"549","E2f4","Fos",0.00374335501731137
"570","Batf","Fosb",0.99422660602443
"574","Cbfb","Fosb",0.0303177981983947
"575","Cdx1","Fosb",0.0829541511153303
"595","Fos","Fosb",1.32764243619982
"600","Atf2","Fosl2",0.330871988861811
"601","Atf3","Fosl2",1.57190288410437
"613","Ddit3","Fosl2",0.133900184294347
"629","Fos","Fosl2",0.531488623525407
"630","Fosb","Fosl2",0.483624640484053
"640","Bbx","Foxj3",0.184264150930737
"644","Cdx1","Foxj3",0.193767796620931
"703","Foxj3","Foxn3",1.13558214177067
"710","Atf4","Foxo1",0.0421325779732495
"712","Batf","Foxo1",0.117156537142273
"713","Bbx","Foxo1",0.00147480734810519
"735","Etv6","Foxo1",0.192073449939051
"740","Foxj3","Foxo1",0.754555165884502
"741","Foxn3","Foxo1",0.891229808214354
"750","Batf","Foxo3",0.246408084020961
"754","Cbfb","Foxo3",0.0284359537787305
"775","Fos","Foxo3",0.0344598708512072
"776","Fosb","Foxo3",0.0648798124656344
"778","Foxj3","Foxo3",0.602049550445141
"779","Foxn3","Foxo3",0.674106815597794
"780","Foxo1","Foxo3",1.16841441233565
"814","Fos","Foxp1",0.0422981348781187
"816","Fosl2","Foxp1",0.0516380437731646
"817","Foxj3","Foxp1",0.270224479645285
"818","Foxn3","Foxp1",0.717392540717433
"819","Foxo1","Foxp1",0.870182390758838
"820","Foxo3","Foxp1",1.41776251281115
"840","E2f3","Gabpa",0.0840044461333655
"841","E2f4","Gabpa",0.0475503925752715
"844","Elf1","Gabpa",0.748946759745698
"845","Elf2","Gabpa",0.397473273673608
"846","Elf4","Gabpa",0.720082209610471
"847","Elk1","Gabpa",0.883931615667107
"848","Elk3","Gabpa",0.80774723823867
"849","Elk4","Gabpa",0.74912248183336
"850","Ets1","Gabpa",0.381928794090379
"851","Etv3","Gabpa",0.456547871643709
"853","Fli1","Gabpa",0.729672571638728
"865","Atf1","Gata3",0.119138268820858
"871","Bbx","Gata3",0.706790473017195
"874","Cbfb","Gata3",0.459325673166175
"875","Cdx1","Gata3",0.232207491315461
"876","Creb1","Gata3",0.0422717475713341
"879","Ddit3","Gata3",0.334325994501612
"898","Foxj3","Gata3",0.16255840944446
"899","Foxn3","Gata3",0.0401911007330426
"901","Foxo3","Gata3",0.149669157204519
"906","Arntl","Gfi1",0.0512208161719416
"913","Bbx","Gfi1",0.256082408367296
"914","Bcl6","Gfi1",0.183463348575974
"950","Atf1","Glis3",0.181973503043255
"951","Atf2","Glis3",0.166657733072814
"952","Atf3","Glis3",0.0341706554002473
"953","Atf4","Glis3",0.0565198507163456
"954","Atf7","Glis3",0.0315006843143687
"970","Elf1","Glis3",0.036221946957659
"991","Ahr","Gmeb1",0.115650293321851
"994","Atf1","Gmeb1",0.6424549924075
"995","Atf2","Gmeb1",0.17839236747049
"996","Atf3","Gmeb1",0.0446659046410375
"997","Atf4","Gmeb1",0.304479406051201
"1003","Cbfb","Gmeb1",0.0396964409665512
"1005","Creb1","Gmeb1",0.399966720974818
"1006","Crem","Gmeb1",0.280184853133227
"1014","Elf1","Gmeb1",0.0277338880351867
"1016","Elf4","Gmeb1",0.00673727052107654
"1018","Elk3","Gmeb1",0.0792521236019926
"1021","Etv3","Gmeb1",0.030067857599067
"1023","Fli1","Gmeb1",0.148499787064096
"1052","Ctcf","Hic1",1.01710669103523
"1060","Elf2","Hic1",0.0434477171856503
"1080","Glis3","Hic1",0.206125868755239
"1117","Fosl2","Hlx",0.0271772931182806
"1129","Ahr","Hmg20b",0.167353594911116
"1132","Atf1","Hmg20b",0.147034465653552
"1137","Batf","Hmg20b",0.162875679156147
"1142","Cdx1","Hmg20b",0.555669654748374
"1147","E2f1","Hmg20b",0.256135060318585
"1149","E2f4","Hmg20b",0.169616106219649
"1165","Foxj3","Hmg20b",0.0392202969170991
"1167","Foxo1","Hmg20b",0.0455648173927399
"1168","Foxo3","Hmg20b",0.000695252864037835
"1174","Gmeb1","Hmg20b",0.131674183675351
"1176","Hlx","Hmg20b",0.31197948923794
"1183","Atf4","Homez",0.00865542251035654
"1186","Bbx","Homez",0.103625880104388
"1188","Bhlhe40","Homez",0.0467446092201644
"1191","Creb1","Homez",0.0188682169852281
"1214","Foxn3","Homez",0.0350127648186553
"1216","Foxo3","Homez",0.0206406088212696
"1217","Foxp1","Homez",0.277483794303705
"1224","Hlx","Homez",0.0141041660075285
"1225","Hmg20b","Homez",0.0238797853460424
"1235","Bbx","Hsf2",0.0857753373893566
"1238","Cbfb","Hsf2",0.158851220553529
"1257","Etv6","Hsf2",0.0210432706229299
"1263","Foxn3","Hsf2",0.0247326563300206
"1268","Gata3","Hsf2",0.0223486799853556
"1275","Homez","Hsf2",0.137479494548877
"1285","Bbx","Ikzf1",0.0248243955267714
"1286","Bcl6","Ikzf1",0.0723092669972747
"1292","Ctcf","Ikzf1",0.022481347025057
"1322","Hic1","Ikzf1",0.0536894583273377
"1326","Hsf2","Ikzf1",0.0465677874473959
"1346","E2f3","Ikzf3",0.0884668723981314
"1362","Fosl2","Ikzf3",0.0996730412714659
"1378","Ikzf1","Ikzf3",0.119508859475157
"1382","Atf1","Irf1",0.0209448660652397
"1388","Bbx","Irf1",0.24503449593287
"1393","Creb1","Irf1",0.149502882840874
"1415","Foxj3","Irf1",0.129619849659083
"1417","Foxo1","Irf1",0.102627536085471
"1421","Gata3","Irf1",0.17026616459287
"1441","Bbx","Irf2",0.171088324082303
"1463","Etv6","Irf2",0.123167003436019
"1468","Foxj3","Irf2",0.140637279998194
"1469","Foxn3","Irf2",0.00562238453795924
"1485","Irf1","Irf2",0.962052894535331
"1491","Atf3","Irf3",0.146209087299038
"1495","Bbx","Irf3",0.12174869828198
"1496","Bcl6","Irf3",0.746777748797688
"1529","Gfi1","Irf3",0.171040535868538
"1537","Ikzf1","Irf3",0.0421013552230936
"1539","Irf1","Irf3",0.282739322540368
"1540","Irf2","Irf3",0.503020392862372
"1550","Bbx","Irf4",0.227697315639848
"1553","Cbfb","Irf4",0.0317486790421855
"1554","Cdx1","Irf4",0.0817625819206185
"1555","Creb1","Irf4",0.0123333078640682
"1572","Etv6","Irf4",0.370697464806929
"1579","Foxo1","Irf4",0.058244295370569
"1583","Gata3","Irf4",0.167814468542415
"1589","Hmg20b","Irf4",0.137047546379777
"1590","Homez","Irf4",0.0539924096259316
"1594","Irf1","Irf4",0.734363091846624
"1595","Irf2","Irf4",0.516505255982762
"1596","Irf3","Irf4",0.134538920088823
"1606","Bbx","Irf7",0.24646713886618
"1607","Bcl6","Irf7",0.0932979379941008
"1640","Gfi1","Irf7",0.0623787170818967
"1648","Ikzf1","Irf7",0.150408091940249
"1650","Irf1","Irf7",0.419830359585818
"1651","Irf2","Irf7",0.736276359088067
"1652","Irf3","Irf7",0.421887300902717
"1653","Irf4","Irf7",0.288550263912213
"1683","Ets1","Irf8",0.203005900950947
"1685","Etv6","Irf8",0.643563985890066
"1692","Foxo1","Irf8",0.283084305847596
"1702","Hmg20b","Irf8",0.313808159149952
"1707","Irf1","Irf8",0.665484604406556
"1708","Irf2","Irf8",0.600235089295696
"1709","Irf3","Irf8",0.275496065754905
"1710","Irf4","Irf8",1.30868148861409
"1711","Irf7","Irf8",0.201596920954315
"1712","Ahr","Isl2",0.156226405233131
"1721","Bbx","Isl2",0.389005581589551
"1725","Cdx1","Isl2",0.362451914458725
"1737","Elf4","Isl2",0.126277446671395
"1738","Elk1","Isl2",0.140692024878051
"1739","Elk3","Isl2",0.149252211223303
"1740","Elk4","Isl2",0.033623231019579
"1748","Foxj3","Isl2",0.0883036167254296
"1751","Foxo3","Isl2",0.0226639852898711
"1753","Gabpa","Isl2",0.111315210828419
"1755","Gfi1","Isl2",0.166366421147938
"1759","Hlx","Isl2",0.0835499710122687
"1760","Hmg20b","Isl2",0.102623193961913
"1775","Atf2","Jun",0.119665630372894
"1776","Atf3","Jun",0.890427024914668
"1777","Atf4","Jun",0.0399419247349843
"1788","Ddit3","Jun",0.308787151854289
"1804","Fos","Jun",0.404404243473019
"1805","Fosb","Jun",0.20530945882168
"1806","Fosl2","Jun",1.06349966729467
"1811","Foxp1","Jun",0.035237649538015
"1816","Gmeb1","Jun",0.241911535736278
"1836","Atf3","Junb",0.290015242349372
"1839","Batf","Junb",0.437232618543803
"1848","Ddit3","Junb",0.0344643868625422
"1864","Fos","Junb",0.624858767981385
"1865","Fosb","Junb",0.544495667121982
"1866","Fosl2","Junb",0.0713295702606194
"1868","Foxn3","Junb",0.154820774342107
"1871","Foxp1","Junb",0.180009748370096
"1891","Jun","Junb",0.981613444473785
"1897","Atf3","Jund",0.0666915482537645
"1900","Batf","Jund",0.471843400477984
"1904","Cbfb","Jund",0.148299204559087
"1921","Ets1","Jund",0.150060854417505
"1925","Fos","Jund",0.401295355642545
"1926","Fosb","Jund",0.380311131262415
"1927","Fosl2","Jund",0.13829118836239
"1930","Foxo1","Jund",0.0127242725607782
"1952","Jun","Jund",0.505620910923591
"1953","Junb","Jund",0.640914367469373
"1972","E2f1","Klf10",0.0117023090633733
"1973","E2f3","Klf10",0.0556201379765825
"1974","E2f4","Klf10",0.0225368460426019
"1975","Egr1","Klf10",0.32664748001559
"1976","Egr2","Klf10",0.379570774016498
"1998","Glis3","Klf10",0.0325437583115897
"2000","Hic1","Klf10",0.0335018091771727
"2037","E2f4","Klf13",0.048236279322628
"2038","Egr1","Klf13",0.135620914477327
"2039","Egr2","Klf13",0.201041563625395
"2042","Elf4","Klf13",0.0282705585459209
"2043","Elk1","Klf13",0.0147298657068608
"2044","Elk3","Klf13",0.168006450190172
"2045","Elk4","Klf13",0.0310374274182417
"2047","Etv3","Klf13",0.0849738978805607
"2049","Fli1","Klf13",0.123072056930343
"2056","Foxo3","Klf13",0.0231289597783058
"2080","Klf10","Klf13",0.151293290742506
"2097","Ctcf","Klf2",0.0361261547500821
"2099","E2f1","Klf2",0.178880587782347
"2101","E2f4","Klf2",0.335319154027513
"2120","Foxo3","Klf2",0.0731818970160647
"2122","Gabpa","Klf2",0.0163121813345178
"2127","Hic1","Klf2",0.157408580241399
"2132","Ikzf1","Klf2",0.0691568236141772
"2144","Klf10","Klf2",0.222428399068401
"2145","Klf13","Klf2",0.610523596130202
"2146","Ahr","Klf3",0.0472673405000405
"2164","E2f1","Klf3",0.377483507901442
"2165","E2f3","Klf3",0.0949643260090418
"2166","E2f4","Klf3",0.354818343145878
"2167","Egr1","Klf3",0.0995072766610217
"2168","Egr2","Klf3",0.0327657221185188
"2190","Glis3","Klf3",0.0245102805832523
"2194","Hmg20b","Klf3",0.0558680484417935
"2209","Klf10","Klf3",0.326334014276874
"2211","Klf2","Klf3",0.257599161522181
"2212","Ahr","Klf4",0.0325435165822706
"2226","Creb1","Klf4",0.154387783439601
"2230","E2f1","Klf4",0.284110345585617
"2232","E2f4","Klf4",0.101091607544481
"2233","Egr1","Klf4",0.370283291474203
"2234","Egr2","Klf4",0.398877020890023
"2244","Fli1","Klf4",0.0160420621638567
"2275","Klf10","Klf4",0.16466755721236
"2276","Klf13","Klf4",0.622927523907066
"2277","Klf2","Klf4",0.395518494439593
"2278","Klf3","Klf4",0.118694228078993
"2279","Ahr","Klf5",0.105931535479094
"2286","Atf7","Klf5",0.0113050195399565
"2293","Creb1","Klf5",0.134666486626222
"2294","Crem","Klf5",0.0461503828125098
"2297","E2f1","Klf5",0.26959173039204
"2298","E2f3","Klf5",0.00841551690073126
"2299","E2f4","Klf5",0.0220251120323745
"2300","Egr1","Klf5",0.515784140418029
"2301","Egr2","Klf5",0.551388555848974
"2342","Klf10","Klf5",0.273164744858018
"2343","Klf13","Klf5",0.312651888241737
"2344","Klf2","Klf5",0.0454482658544549
"2345","Klf3","Klf5",0.175335117940254
"2346","Klf4","Klf5",0.853632426582494
"2347","Ahr","Klf6",0.119719229440889
"2350","Atf1","Klf6",0.0379971614102197
"2365","E2f1","Klf6",0.221073281693233
"2366","E2f3","Klf6",0.0611187082982567
"2367","E2f4","Klf6",0.0377102361093146
"2368","Egr1","Klf6",0.51944465453971
"2369","Egr2","Klf6",0.528975531454741
"2391","Glis3","Klf6",0.0211548360508249
"2410","Klf10","Klf6",0.350553663656844
"2411","Klf13","Klf6",0.0544850966511223
"2413","Klf3","Klf6",0.242994620480568
"2414","Klf4","Klf6",0.508372468284861
"2415","Klf5","Klf6",0.761727274479412
"2430","Creb1","Klf7",0.208650822147976
"2433","Ddit3","Klf7",0.00448709530564963
"2434","E2f1","Klf7",0.433877315854403
"2436","E2f4","Klf7",0.353511260050026
"2437","Egr1","Klf7",0.160711474782101
"2438","Egr2","Klf7",0.106062858053298
"2455","Foxo3","Klf7",0.0638428021309094
"2464","Hmg20b","Klf7",0.134310614706525
"2479","Klf10","Klf7",0.043480561844402
"2480","Klf13","Klf7",0.650301171876651
"2481","Klf2","Klf7",0.724430847127113
"2482","Klf3","Klf7",0.279475333771183
"2483","Klf4","Klf7",0.706422512757192
"2484","Klf5","Klf7",0.489114502331148
"2485","Klf6","Klf7",0.197291780267632
"2500","Creb1","Klf8",0.0224043179996559
"2504","E2f1","Klf8",0.287473445156547
"2506","E2f4","Klf8",0.351121427273919
"2507","Egr1","Klf8",0.013674771733091
"2508","Egr2","Klf8",0.0607069003660723
"2511","Elf4","Klf8",0.0344960146562021
"2512","Elk1","Klf8",0.0457706029269028
"2513","Elk3","Klf8",0.0486600537757564
"2527","Gabpa","Klf8",0.0644857167679229
"2532","Hic1","Klf8",0.20939686673611
"2549","Klf10","Klf8",0.185106288964831
"2550","Klf13","Klf8",0.774699421681161
"2551","Klf2","Klf8",1.00981978592939
"2552","Klf3","Klf8",0.201691188355652
"2553","Klf4","Klf8",0.610871114446862
"2554","Klf5","Klf8",0.270387716474015
"2555","Klf6","Klf8",0.0119626325621835
"2556","Klf7","Klf8",0.820968777577302
"2562","Atf3","Mafk",0.183774860874352
"2565","Batf","Mafk",0.373578708416909
"2566","Bbx","Mafk",0.0662763975214142
"2569","Cbfb","Mafk",0.0902717508251179
"2590","Fos","Mafk",0.434639636854307
"2591","Fosb","Mafk",0.4161186284689
"2592","Fosl2","Mafk",0.22610078693949
"2597","Foxp1","Mafk",0.0340758746261037
"2601","Glis3","Mafk",0.0559519133057289
"2617","Jun","Mafk",0.234904694340909
"2618","Junb","Mafk",0.534311280936677
"2619","Jund","Mafk",0.741786526533187
"2629","Ahr","Max",0.000438713414248307
"2630","Arnt","Max",0.863097509385195
"2631","Arntl","Max",0.56065397538398
"2640","Bhlhe40","Max",0.121914607819969
"2654","Elf4","Max",0.0721169775212036
"2673","Glis3","Max",0.00882866775249727
"2687","Irf8","Max",0.0438882258512563
"2694","Klf2","Max",0.0335619508319437
"2695","Klf3","Max",0.0560378144007806
"2696","Klf4","Max",0.0240513694582623
"2699","Klf7","Max",0.112339221634103
"2700","Klf8","Max",0.0804613524156092
"2712","Bcl6","Maz",0.323850861466437
"2718","Ctcf","Maz",0.107112701547755
"2721","E2f3","Maz",0.0247982028715045
"2737","Fosl2","Maz",0.0451063497855706
"2754","Ikzf3","Maz",0.310259717846605
"2762","Jun","Maz",0.0855624427650258
"2776","Ahr","Mbd2",0.187725179503107
"2779","Atf1","Mbd2",0.0334016539932785
"2789","Cdx1","Mbd2",0.0818000238682632
"2790","Creb1","Mbd2",0.082276219781482
"2793","Ddit3","Mbd2",0.0058964120141986
"2794","E2f1","Mbd2",0.174958381500674
"2795","E2f3","Mbd2",0.151413194757096
"2796","E2f4","Mbd2",0.111594122124971
"2797","Egr1","Mbd2",0.199097610554125
"2798","Egr2","Mbd2",0.137480554068908
"2808","Fli1","Mbd2",0.0313203168253177
"2820","Glis3","Mbd2",0.0120672909108641
"2839","Klf10","Mbd2",0.0316676653270383
"2842","Klf3","Mbd2",0.185040403279824
"2845","Klf6","Mbd2",0.0979368303158258
"2849","Max","Mbd2",0.105405593369896
"2851","Ahr","Mecp2",0.106812715516093
"2870","E2f3","Mecp2",0.155660335295303
"2873","Egr2","Mecp2",0.00301561220662068
"2879","Elk4","Mecp2",0.0877343014226833
"2883","Fli1","Mecp2",0.057756989589082
"2892","Gabpa","Mecp2",0.0123504197620841
"2895","Glis3","Mecp2",0.0152158066867034
"2903","Ikzf3","Mecp2",0.230839985007013
"2914","Klf10","Mecp2",0.225602378108136
"2916","Klf2","Mecp2",0.0555222175203664
"2917","Klf3","Mecp2",0.176727036295777
"2920","Klf6","Mecp2",0.0405497682672602
"2922","Klf8","Mecp2",0.0738393449598489
"2926","Mbd2","Mecp2",0.277011674586091
"2935","Batf","Meis3",0.0316107525917092
"2960","Fos","Meis3",0.0225928785348947
"2961","Fosb","Meis3",0.0331778041972498
"2969","Gata3","Meis3",0.047370894073013
"2974","Hlx","Meis3",0.0299077159538883
"2986","Isl2","Meis3",0.0543779456531848
"3017","Cdx1","Meox2",0.239526348774188
"3035","Etv6","Meox2",0.0634074953091979
"3040","Foxj3","Meox2",0.0212195583000786
"3042","Foxo1","Meox2",0.0796191357649583
"3051","Hlx","Meox2",0.729595882382911
"3060","Irf4","Meox2",0.00113059525059664
"3079","Mbd2","Meox2",0.148427229330091
"3081","Meis3","Meox2",0.105880670511962
"3083","Arnt","Mlx",0.668410816628026
"3084","Arntl","Mlx",0.895202307975773
"3093","Bhlhe40","Mlx",0.828526514191951
"3155","Max","Mlx",0.620785346710007
"3161","Ahr","Mxd1",0.0290475558810155
"3162","Arnt","Mxd1",0.511919021354947
"3163","Arntl","Mxd1",0.492416870813809
"3172","Bhlhe40","Mxd1",0.143098483946369
"3174","Cdx1","Mxd1",0.00799596422162298
"3179","E2f1","Mxd1",0.0013080868135542
"3182","Egr1","Mxd1",0.0874895257639895
"3183","Egr2","Mxd1",0.00629344975407256
"3208","Hlx","Mxd1",0.240664979292584
"3209","Hmg20b","Mxd1",0.0298266060462029
"3220","Isl2","Mxd1",0.0227812419991741
"3228","Klf4","Mxd1",0.261968309176911
"3229","Klf5","Mxd1",0.196536251593623
"3230","Klf6","Mxd1",0.0589894316026928
"3231","Klf7","Mxd1",0.182656774521074
"3234","Max","Mxd1",1.06200952049293
"3240","Mlx","Mxd1",0.296782246572368
"3241","Ahr","Myc",0.051601873961924
"3242","Arnt","Myc",0.382798492120011
"3243","Arntl","Myc",0.141395393762496
"3252","Bhlhe40","Myc",0.151983244270278
"3259","E2f1","Myc",0.026007907161066
"3260","E2f3","Myc",0.0675134147304575
"3262","Egr1","Myc",0.165974196088475
"3263","Egr2","Myc",0.150380700703116
"3276","Fosl2","Myc",0.00204911389477141
"3299","Irf8","Myc",0.0226744492076323
"3308","Klf4","Myc",0.100566905216215
"3309","Klf5","Myc",0.153789669510315
"3310","Klf6","Myc",0.149411776020168
"3314","Max","Myc",1.13817667737681
"3316","Mbd2","Myc",0.10260362041146
"3320","Mlx","Myc",0.113787067637666
"3321","Mxd1","Myc",1.33639793623029
"3325","Atf1","Nfatc1",0.142367255237077
"3330","Batf","Nfatc1",0.392732328164211
"3333","Bhlhe40","Nfatc1",0.0177736744188667
"3334","Cbfb","Nfatc1",0.155559705598479
"3335","Cdx1","Nfatc1",0.237968266656477
"3336","Creb1","Nfatc1",0.0974703287186293
"3355","Fos","Nfatc1",0.18118293554343
"3356","Fosb","Nfatc1",0.292377972515873
"3360","Foxo1","Nfatc1",0.109932473055603
"3361","Foxo3","Nfatc1",0.087223353736229
"3364","Gata3","Nfatc1",0.257531162015983
"3378","Irf4","Nfatc1",0.0911622457140515
"3380","Irf8","Nfatc1",0.00508461261343678
"3384","Jund","Nfatc1",0.339459888305628
"3395","Max","Nfatc1",0.000788104741976445
"3409","Atf3","Nfe2l2",0.0575464147412937
"3412","Batf","Nfe2l2",0.641960874736467
"3416","Cbfb","Nfe2l2",0.046404237549983
"3437","Fos","Nfe2l2",0.441599650377203
"3438","Fosb","Nfe2l2",0.451300003668845
"3439","Fosl2","Nfe2l2",0.469734278996448
"3442","Foxo1","Nfe2l2",0.300880103341518
"3444","Foxp1","Nfe2l2",0.20234462862152
"3451","Hlx","Nfe2l2",0.00642228752335079
"3453","Homez","Nfe2l2",0.102779964930305
"3460","Irf4","Nfe2l2",0.0136527511282312
"3464","Jun","Nfe2l2",0.122955244816878
"3465","Junb","Nfe2l2",0.259900607706521
"3466","Jund","Nfe2l2",0.55717042434349
"3476","Mafk","Nfe2l2",1.04805851106512
"3493","Atf4","Nfil3",0.80473613889922
"3498","Bhlhe40","Nfil3",0.0072167781675492
"3500","Cdx1","Nfil3",0.381778951272079
"3504","Ddit3","Nfil3",0.659147895424201
"3513","Elk1","Nfil3",0.0406165805299486
"3514","Elk3","Nfil3",0.0830753086481644
"3522","Fosl2","Nfil3",0.0335350328827686
"3528","Gabpa","Nfil3",0.0803948382346326
"3546","Isl2","Nfil3",0.00892149154622296
"3547","Jun","Nfil3",0.0794639824748361
"3620","Homez","Nfkb1",0.130270970344523
"3623","Ikzf3","Nfkb1",0.347357226455612
"3677","Egr1","Nfkb2",0.0732998812743104
"3678","Egr2","Nfkb2",0.130085452410712
"3705","Homez","Nfkb2",0.054420265515363
"3708","Ikzf3","Nfkb2",0.306311442760832
"3713","Irf7","Nfkb2",0.00341190245965014
"3741","Nfkb1","Nfkb2",2.00350091225522
"3745","Atf1","Nfya",0.0120016823954943
"3750","Batf","Nfya",0.128323419410261
"3760","E2f1","Nfya",0.15196622933497
"3761","E2f3","Nfya",0.11042834508312
"3762","E2f4","Nfya",0.248484973371427
"3775","Fos","Nfya",0.158633477267098
"3776","Fosb","Nfya",0.161208969236227
"3785","Gfi1","Nfya",0.32155637011009
"3794","Ikzf3","Nfya",0.0258812129472061
"3806","Klf13","Nfya",0.192814464211677
"3808","Klf3","Nfya",0.0395230252401495
"3818","Mecp2","Nfya",0.123725423633564
"3820","Meox2","Nfya",0.0480674117826098
"3829","Ahr","Nfyb",0.0686858284918218
"3832","Atf1","Nfyb",0.0902717786835601
"3837","Batf","Nfyb",0.135530030427982
"3843","Creb1","Nfyb",0.107070486453653
"3844","Crem","Nfyb",0.0893875491799479
"3847","E2f1","Nfyb",0.190419813299559
"3848","E2f3","Nfyb",0.149186668539073
"3849","E2f4","Nfyb",0.197894926264245
"3850","Egr1","Nfyb",0.139614314877805
"3851","Egr2","Nfyb",0.0746820535516383
"3862","Fos","Nfyb",0.0661578518095371
"3863","Fosb","Nfyb",0.0824197716240549
"3872","Gfi1","Nfyb",0.156513576559655
"3893","Klf13","Nfyb",0.106793094729868
"3895","Klf3","Nfyb",0.0594825992483457
"3898","Klf6","Nfyb",0.0399215385175408
"3904","Mbd2","Nfyb",0.0819594408391895
"3905","Mecp2","Nfyb",0.0697169701583169
"3907","Meox2","Nfyb",0.073447265556581
"3910","Myc","Nfyb",0.0592512180948513
"3916","Nfya","Nfyb",1.55198957745754
"3917","Ahr","Nfyc",0.0578394854462785
"3920","Atf1","Nfyc",0.0202096176661314
"3925","Batf","Nfyc",0.10931634990068
"3929","Cbfb","Nfyc",0.07245235109749
"3930","Cdx1","Nfyc",0.0209969861789348
"3931","Creb1","Nfyc",0.0997112104681455
"3932","Crem","Nfyc",0.170336658073384
"3935","E2f1","Nfyc",0.152504429226099
"3936","E2f3","Nfyc",0.0827487016598228
"3937","E2f4","Nfyc",0.0505667078373198
"3938","Egr1","Nfyc",0.226957390733684
"3939","Egr2","Nfyc",0.17272743718689
"3951","Fosb","Nfyc",0.0094777926707048
"3960","Gfi1","Nfyc",0.206956631191863
"3981","Klf13","Nfyc",0.117509789142998
"3985","Klf5","Nfyc",0.0698843043948534
"3986","Klf6","Nfyc",0.175159709095129
"3995","Meox2","Nfyc",0.0437635124494258
"3998","Myc","Nfyc",0.0117145674428633
"4004","Nfya","Nfyc",1.53801894943085
"4005","Nfyb","Nfyc",1.67108881019051
"4011","Atf3","Nr1i3",0.163517657475334
"4014","Batf","Nr1i3",0.099168759479442
"4015","Bbx","Nr1i3",0.0357982025363704
"4039","Fos","Nr1i3",0.0279994354559198
"4040","Fosb","Nr1i3",0.0671302873469588
"4050","Glis3","Nr1i3",0.128237938661145
"4055","Homez","Nr1i3",0.00441623253524483
"4065","Isl2","Nr1i3",0.0185491284085785
"4067","Junb","Nr1i3",0.251520846027131
"4068","Jund","Nr1i3",0.135836938807682
"4078","Mafk","Nr1i3",0.164637341813823
"4089","Nfe2l2","Nr1i3",0.17526389147265
"4132","Foxj3","Nr4a1",0.0915348005809766
"4133","Foxn3","Nr4a1",0.0190853967572948
"4134","Foxo1","Nr4a1",0.0778729765493873
"4135","Foxo3","Nr4a1",0.0442825695838159
"4136","Foxp1","Nr4a1",0.104337842351094
"4146","Hsf2","Nr4a1",0.000983250987145086
"4151","Irf3","Nr4a1",0.0124690068771329
"4178","Nfatc1","Nr4a1",0.0214471618106083
"4186","Nr1i3","Nr4a1",0.0235093212228756
"4199","Cbfb","Nr4a2",0.0576424773492933
"4200","Cdx1","Nr4a2",0.011181066115687
"4204","Ddit3","Nr4a2",0.225751015569895
"4220","Fos","Nr4a2",0.0190998986182615
"4221","Fosb","Nr4a2",0.0389938165909558
"4222","Fosl2","Nr4a2",0.113540519354358
"4236","Homez","Nr4a2",0.0874783619682998
"4247","Jun","Nr4a2",0.240050689707496
"4248","Junb","Nr4a2",0.101287294384695
"4261","Maz","Nr4a2",0.0748632638702608
"4269","Nfatc1","Nr4a2",0.100476145268657
"4271","Nfil3","Nr4a2",0.0530532338306877
"4277","Nr1i3","Nr4a2",0.135380626943452
"4278","Nr4a1","Nr4a2",0.795961275711218
"4287","Batf","Nr4a3",0.200085907240995
"4292","Cdx1","Nr4a3",0.0340955835706856
"4298","E2f3","Nr4a3",0.0284658623863595
"4299","E2f4","Nr4a3",0.033400490016189
"4304","Elf4","Nr4a3",0.184286340253382
"4313","Fosb","Nr4a3",0.126673537353577
"4314","Fosl2","Nr4a3",0.0584699371678303
"4318","Foxo3","Nr4a3",0.243492014395257
"4319","Foxp1","Nr4a3",0.225606040014275
"4327","Hmg20b","Nr4a3",0.131719558183702
"4338","Isl2","Nr4a3",0.0929325188627335
"4353","Maz","Nr4a3",0.113072820614787
"4361","Nfatc1","Nr4a3",0.39676144377591
"4369","Nr1i3","Nr4a3",0.145471750422598
"4370","Nr4a1","Nr4a3",0.686487874369592
"4371","Nr4a2","Nr4a3",1.79348772415314
"4372","Ahr","Nrf1",0.0920792812861459
"4384","Cbfb","Nrf1",0.013868050543616
"4385","Cdx1","Nrf1",0.0216733006712102
"4386","Creb1","Nrf1",0.108159872070433
"4389","Ddit3","Nrf1",0.0294921368373275
"4390","E2f1","Nrf1",0.310219066975397
"4391","E2f3","Nrf1",0.0705575588576409
"4392","E2f4","Nrf1",0.168909295611587
"4393","Egr1","Nrf1",0.30156469357539
"4394","Egr2","Nrf1",0.147932447108856
"4420","Hmg20b","Nrf1",0.133811149140506
"4435","Klf10","Nrf1",0.0613655942969153
"4438","Klf3","Nrf1",0.300131896869585
"4439","Klf4","Nrf1",0.127981512933917
"4440","Klf5","Nrf1",0.193920490139209
"4441","Klf6","Nrf1",0.255897744061846
"4442","Klf7","Nrf1",0.269639256134041
"4445","Max","Nrf1",0.141259746929375
"4447","Mbd2","Nrf1",0.313355099036114
"4448","Mecp2","Nrf1",0.068749335782051
"4450","Meox2","Nrf1",0.0583370061986762
"4452","Mxd1","Nrf1",0.181174953777651
"4453","Myc","Nrf1",0.191657383837437
"4456","Nfil3","Nrf1",0.0106914812884012
"4460","Nfyb","Nrf1",0.129646816678191
"4461","Nfyc","Nrf1",0.133966523625621
"4484","E2f1","Patz1",0.278022030738521
"4485","E2f3","Patz1",0.000801930646276993
"4486","E2f4","Patz1",0.267862876068553
"4487","Egr1","Patz1",0.0260303806068156
"4488","Egr2","Patz1",0.0175096762698334
"4510","Glis3","Patz1",0.145047840601853
"4514","Hmg20b","Patz1",0.00610308515076114
"4529","Klf10","Patz1",0.241886243292443
"4531","Klf2","Patz1",0.288190415898394
"4532","Klf3","Patz1",0.44927895083074
"4533","Klf4","Patz1",0.160027840907671
"4534","Klf5","Patz1",0.261397610310599
"4535","Klf6","Patz1",0.299991403265409
"4536","Klf7","Patz1",0.0809788684452527
"4537","Klf8","Patz1",0.169516108761183
"4540","Maz","Patz1",0.0818195585503342
"4541","Mbd2","Patz1",0.017420719336887
"4542","Mecp2","Patz1",0.147489156272266
"4553","Nfya","Patz1",0.0197666181553156
"4560","Nrf1","Patz1",0.0936595840637398
"4570","Bbx","Pbx4",0.136982837324695
"4601","Foxp1","Pbx4",0.0072943959108559
"4604","Gfi1","Pbx4",0.176069900517499
"4638","Meis3","Pbx4",0.635293219699072
"4646","Nfkb1","Pbx4",0.0361258625490755
"4647","Nfkb2","Pbx4",0.010958962051422
"4671","Creb1","Phox2b",0.15559574046073
"4672","Crem","Phox2b",0.114646816043857
"4673","Ctcf","Phox2b",0.0730154178309413
"4681","Elf2","Phox2b",0.0345295375356302
"4686","Ets1","Phox2b",0.200525677757291
"4688","Etv6","Phox2b",0.134738568289837
"4703","Hic1","Phox2b",0.240921993642058
"4704","Hlx","Phox2b",0.400272850709504
"4706","Homez","Phox2b",0.0872121203628133
"4708","Ikzf1","Phox2b",0.0535816522329612
"4735","Meox2","Phox2b",0.565527181960586
"4746","Nfyc","Phox2b",0.0209796734462159
"4749","Nr4a2","Phox2b",0.0250415852620243
"4754","Ahr","Pknox1",0.0226331977487828
"4774","E2f4","Pknox1",0.00376638476113269
"4776","Egr2","Pknox1",0.00529061993482358
"4818","Klf13","Pknox1",0.0844678755370695
"4825","Klf8","Pknox1",0.00533825173425958
"4831","Meis3","Pknox1",0.59320383554988
"4841","Nfya","Pknox1",0.362774468399944
"4842","Nfyb","Pknox1",0.354385278401476
"4843","Nfyc","Pknox1",0.340708336147352
"4850","Pbx4","Pknox1",1.28511132060507
"4861","Bbx","Prdm1",0.284239912232957
"4862","Bcl6","Prdm1",0.51625852432059
"4903","Ikzf1","Prdm1",0.25448934879877
"4904","Ikzf3","Prdm1",0.00674915153757723
"4905","Irf1","Prdm1",0.221857012976066
"4906","Irf2","Prdm1",0.607471767084758
"4907","Irf3","Prdm1",0.831447099851528
"4908","Irf4","Prdm1",0.115956301181795
"4909","Irf7","Prdm1",1.08213253853615
"4910","Irf8","Prdm1",0.14361512292048
"4951","Ahr","Rel",0.0166862538126089
"4952","Arnt","Rel",0.0569693445246883
"4953","Arntl","Rel",0.0358145156189647
"4954","Atf1","Rel",0.0452177026011292
"4960","Bbx","Rel",0.0655935563431468
"4962","Bhlhe40","Rel",0.0726523216548371
"4968","Ddit3","Rel",0.0627637886503199
"4978","Elk3","Rel",0.0613882100168816
"4990","Foxo3","Rel",0.0363787216553156
"4991","Foxp1","Rel",0.0128468109415512
"4993","Gata3","Rel",0.40252367223266
"4996","Gmeb1","Rel",0.139020281354712
"5000","Homez","Rel",0.00853793472131124
"5001","Hsf2","Rel",0.00288407617279405
"5004","Irf1","Rel",0.0529465114831224
"5005","Irf2","Rel",0.0113669659141628
"5008","Irf7","Rel",0.158445198878602
"5024","Max","Rel",0.0143314237524783
"5026","Mbd2","Rel",0.0366736303309828
"5033","Nfatc1","Rel",0.0214940606761575
"5036","Nfkb1","Rel",0.63595234813751
"5037","Nfkb2","Rel",0.589792368975832
"5042","Nr4a1","Rel",0.0534393168925662
"5047","Pbx4","Rel",0.195153407166227
"5061","Bcl6","Rela",1.03949247824378
"5103","Ikzf3","Rela",0.595983265360505
"5106","Irf3","Rela",0.152084392200988
"5125","Maz","Rela",0.717109600380038
"5136","Nfkb1","Rela",0.378276194608376
"5137","Nfkb2","Rela",0.41192015358525
"5150","Prdm1","Rela",0.200428295148982
"5174","Egr2","Relb",0.00302604985424961
"5203","Ikzf1","Relb",0.0478607317017399
"5204","Ikzf3","Relb",0.245819756672648
"5209","Irf7","Relb",0.0442940226093674
"5219","Klf4","Relb",0.0185423977826831
"5220","Klf5","Relb",0.108477854367225
"5221","Klf6","Relb",0.0750357014336564
"5237","Nfkb1","Relb",1.15326895467076
"5238","Nfkb2","Relb",1.32252241093029
"5247","Patz1","Relb",0.0167426576460422
"5248","Pbx4","Relb",0.0846868967186406
"5252","Rel","Relb",0.530117852331182
"5253","Rela","Relb",0.0779041485552471
"5254","Ahr","Rfx1",0.134301422161409
"5268","Creb1","Rfx1",0.0150435742950907
"5270","Ctcf","Rfx1",0.0163754310928287
"5272","E2f1","Rfx1",0.0545286908985452
"5273","E2f3","Rfx1",0.186690463326363
"5274","E2f4","Rfx1",0.108316461763158
"5277","Elf1","Rfx1",0.0849216095039561
"5280","Elk1","Rfx1",0.0061295198609553
"5282","Elk4","Rfx1",0.133917543846471
"5295","Gabpa","Rfx1",0.109998845113345
"5300","Hic1","Rfx1",0.111056153469159
"5306","Ikzf3","Rfx1",0.124421432404668
"5319","Klf2","Rfx1",0.132083449753209
"5320","Klf3","Rfx1",0.143100538196021
"5325","Klf8","Rfx1",0.0408639708694647
"5329","Mbd2","Rfx1",0.251352960646949
"5330","Mecp2","Rfx1",0.370024250574949
"5341","Nfya","Rfx1",0.00300401633612202
"5348","Nrf1","Rfx1",0.113750395988434
"5349","Patz1","Rfx1",0.172206441652965
"5366","Bbx","Rora",0.133470986726279
"5394","Foxn3","Rora",0.0644141175724874
"5403","Hic1","Rora",0.147931787530437
"5407","Hsf2","Rora",0.34838122066397
"5408","Ikzf1","Rora",0.141742552014093
"5421","Klf13","Rora",0.0907268212235187
"5447","Nr1i3","Rora",0.714701976977213
"5453","Pbx4","Rora",0.0199933390810714
"5454","Phox2b","Rora",0.0131223016144763
"5469","Batf","Runx1",0.168060130873932
"5473","Cbfb","Runx1",0.941160121643417
"5474","Cdx1","Runx1",0.120617964691934
"5478","Ddit3","Runx1",0.0584359058072251
"5479","E2f1","Runx1",0.0681623193331345
"5480","E2f3","Runx1",0.0450991172693222
"5481","E2f4","Runx1",0.0311717202163284
"5494","Fos","Runx1",0.169464660247284
"5495","Fosb","Runx1",0.203733852214535
"5500","Foxo3","Runx1",0.134338867689655
"5503","Gata3","Runx1",0.26484819445001
"5509","Hmg20b","Runx1",0.396035542025651
"5543","Nfatc1","Runx1",0.253907207284842
"5544","Nfe2l2","Runx1",0.0258926412213041
"5549","Nfyb","Runx1",0.0258866858544769
"5550","Nfyc","Runx1",0.0637526121324744
"5553","Nr4a2","Runx1",0.10705313124065
"5554","Nr4a3","Runx1",0.169095162462254
"5555","Nrf1","Runx1",0.0610204888252067
"5561","Rel","Runx1",0.0353713152791915
"5574","Batf","Runx2",0.222868160458902
"5578","Cbfb","Runx2",1.02062592737882
"5579","Cdx1","Runx2",0.0860264961679401
"5583","Ddit3","Runx2",0.058963629327982
"5597","Etv6","Runx2",0.109972251982853
"5599","Fos","Runx2",0.211769663518331
"5600","Fosb","Runx2",0.233984286607866
"5603","Foxn3","Runx2",0.0037733417333802
"5604","Foxo1","Runx2",0.145136897621712
"5605","Foxo3","Runx2",0.103094901180002
"5608","Gata3","Runx2",0.405343291616452
"5614","Hmg20b","Runx2",0.246326606144721
"5616","Hsf2","Runx2",0.0253730322126761
"5622","Irf4","Runx2",0.109633789339942
"5638","Mafk","Runx2",0.0016679920197504
"5643","Meis3","Runx2",0.0180508617884602
"5648","Nfatc1","Runx2",0.24255180345749
"5649","Nfe2l2","Runx2",0.162068517015432
"5654","Nfyb","Runx2",0.0322541437444252
"5655","Nfyc","Runx2",0.121530147658465
"5658","Nr4a2","Runx2",0.0966703319496529
"5659","Nr4a3","Runx2",0.0424324704603951
"5660","Nrf1","Runx2",0.0335466134998218
"5671","Runx1","Runx2",1.26669688305285
"5684","Cbfb","Runx3",0.925478498384953
"5685","Cdx1","Runx3",0.147592010708734
"5689","Ddit3","Runx3",0.216276557176928
"5691","E2f3","Runx3",0.0718156826778875
"5703","Etv6","Runx3",0.0202475931138079
"5705","Fos","Runx3",0.0780074873075968
"5706","Fosb","Runx3",0.059255428386075
"5710","Foxo1","Runx3",0.0516779814495125
"5714","Gata3","Runx3",0.304699259689834
"5722","Hsf2","Runx3",0.139656295688865
"5728","Irf4","Runx3",0.138762087142127
"5730","Irf8","Runx3",0.0516802466933918
"5734","Jund","Runx3",0.112442869194317
"5747","Mbd2","Runx3",0.100963762732135
"5754","Nfatc1","Runx3",0.345958206554447
"5755","Nfe2l2","Runx3",0.0951369171351745
"5764","Nr4a2","Runx3",0.155873256262062
"5765","Nr4a3","Runx3",0.0594015472966681
"5766","Nrf1","Runx3",0.126088774538504
"5772","Rel","Runx3",0.0648207338791258
"5777","Runx1","Runx3",1.26380178895703
"5778","Runx2","Runx3",1.08103279162255
"5779","Ahr","Setbp1",0.113133220677733
"5782","Atf1","Setbp1",0.138945696620603
"5783","Atf2","Setbp1",0.0477121521234277
"5785","Atf4","Setbp1",0.14478366814924
"5809","Etv3","Setbp1",0.0893631152955448
"5822","Gfi1","Setbp1",0.134085267959832
"5824","Gmeb1","Setbp1",0.0619722200201787
"5827","Hmg20b","Setbp1",0.0242737588468422
"5829","Hsf2","Setbp1",0.223307920860792
"5836","Irf7","Setbp1",0.00814523523475579
"5852","Max","Setbp1",0.163536261774882
"5857","Meox2","Setbp1",0.0611894074657796
"5858","Mlx","Setbp1",0.0139752765764244
"5864","Nfkb1","Setbp1",0.0392152314791052
"5866","Nfya","Setbp1",0.0185051810602245
"5868","Nfyc","Setbp1",0.000354514417084864
"5897","Bcl6","Smad3",0.415508957761181
"5899","Cbfb","Smad3",0.0847927305859724
"5902","Crem","Smad3",0.0993309511283115
"5903","Ctcf","Smad3",0.706573883155711
"5932","Gmeb1","Smad3",0.102332171613195
"5936","Homez","Smad3",0.14406111700443
"5938","Ikzf1","Smad3",0.201472590840626
"5961","Maz","Smad3",0.0772426975942106
"5988","Rela","Smad3",0.154380612929404
"6042","Hic1","Snai1",0.131721891483958
"6063","Klf4","Snai1",0.0688845054101822
"6073","Meis3","Snai1",0.651206719850359
"6093","Phox2b","Snai1",0.0245720305726804
"6094","Pknox1","Snai1",0.386186028850334
"6128","Egr2","Snai3",0.063183523943423
"6156","Hsf2","Snai3",0.0264030711139684
"6183","Meis3","Snai3",0.0283772547560473
"6208","Relb","Snai3",0.146502326360555
"6216","Snai1","Snai3",1.15307271313217
"6230","Cdx1","Sp1",0.0522117800959559
"6233","Ctcf","Sp1",0.0860526654994544
"6236","E2f3","Sp1",0.221161431937836
"6237","E2f4","Sp1",0.217764270348385
"6251","Fosb","Sp1",0.0193973589589031
"6269","Ikzf3","Sp1",0.119896570381241
"6280","Klf10","Sp1",0.175299050665169
"6282","Klf2","Sp1",0.125960091413061
"6283","Klf3","Sp1",0.232824803894755
"6291","Maz","Sp1",0.528772654823486
"6292","Mbd2","Sp1",0.177746149768524
"6293","Mecp2","Sp1",0.133514520477887
"6304","Nfya","Sp1",0.00390880303325154
"6309","Nr4a2","Sp1",0.000213690183202557
"6310","Nr4a3","Sp1",0.185388124636138
"6312","Patz1","Sp1",0.182516364847936
"6320","Rfx1","Sp1",0.174038589082076
"6329","Ahr","Sp110",0.195037700870871
"6345","Ctcf","Sp110",0.192616261169451
"6373","Glis3","Sp110",0.146304964061355
"6375","Hic1","Sp110",0.254910298144937
"6380","Ikzf1","Sp110",0.10477416066871
"6381","Ikzf3","Sp110",0.0457416976941075
"6392","Klf10","Sp110",0.115224832700863
"6398","Klf6","Sp110",0.0793120346749169
"6403","Maz","Sp110",0.0450741664352585
"6405","Mecp2","Sp110",0.120820134640575
"6414","Nfkb1","Sp110",0.209769142716517
"6415","Nfkb2","Sp110",0.0530337595806186
"6419","Nr1i3","Sp110",0.0260911891211629
"6424","Patz1","Sp110",0.117018715918173
"6430","Rela","Sp110",0.120329678707269
"6432","Rfx1","Sp110",0.172763425822704
"6433","Rora","Sp110",0.0634130643428954
"6442","Ahr","Sp2",0.0391362822507521
"6455","Cdx1","Sp2",0.0933408671660061
"6460","E2f1","Sp2",0.200670204600479
"6461","E2f3","Sp2",0.244248918365778
"6462","E2f4","Sp2",0.29260973239468
"6505","Klf10","Sp2",0.210673829778934
"6507","Klf2","Sp2",0.0563857244702133
"6508","Klf3","Sp2",0.325670947785688
"6511","Klf6","Sp2",0.0340992263760285
"6516","Maz","Sp2",0.10541917707303
"6517","Mbd2","Sp2",0.328784370376742
"6518","Mecp2","Sp2",0.206690277122787
"6529","Nfya","Sp2",0.0391913311689077
"6530","Nfyb","Sp2",0.0239422733989482
"6535","Nr4a3","Sp2",0.0583528341706224
"6536","Nrf1","Sp2",0.189062256013084
"6537","Patz1","Sp2",0.205190010942568
"6545","Rfx1","Sp2",0.209722111307872
"6547","Runx1","Sp2",0.078958179029202
"6554","Sp1","Sp2",0.548344206606894
"6556","Ahr","Sp3",0.049977611668508
"6569","Cdx1","Sp3",0.07593219578112
"6574","E2f1","Sp3",0.2551219911149
"6575","E2f3","Sp3",0.172621651483853
"6576","E2f4","Sp3",0.28450937323213
"6577","Egr1","Sp3",0.053573775520924
"6578","Egr2","Sp3",1.51580967850083e-05
"6604","Hmg20b","Sp3",0.101886676388424
"6619","Klf10","Sp3",0.288349695510362
"6621","Klf2","Sp3",0.138093844174393
"6622","Klf3","Sp3",0.468046314714518
"6625","Klf6","Sp3",0.149710944914092
"6626","Klf7","Sp3",0.0136176177340398
"6627","Klf8","Sp3",0.0336234307793328
"6630","Maz","Sp3",0.10665899447817
"6631","Mbd2","Sp3",0.242753792951064
"6632","Mecp2","Sp3",0.12875141078977
"6643","Nfya","Sp3",0.0166757398684999
"6649","Nr4a3","Sp3",0.0104102667744239
"6650","Nrf1","Sp3",0.162007508317416
"6651","Patz1","Sp3",0.388716220780354
"6659","Rfx1","Sp3",0.138614130083554
"6668","Sp1","Sp3",0.435297629917771
"6669","Sp110","Sp3",0.0187157349143766
"6670","Sp2","Sp3",0.478742145180102
"6687","Ctcf","Sp4",0.025303298015088
"6689","E2f1","Sp4",0.3060857232638
"6690","E2f3","Sp4",0.159095133654548
"6691","E2f4","Sp4",0.575039470774676
"6699","Elk4","Sp4",0.00434218534197382
"6704","Fos","Sp4",0.0191103878911458
"6705","Fosb","Sp4",0.0196420307236071
"6712","Gabpa","Sp4",0.0817410492340643
"6719","Hmg20b","Sp4",0.0621535453334144
"6734","Klf10","Sp4",0.0927061976247154
"6735","Klf13","Sp4",0.111600905453554
"6736","Klf2","Sp4",0.426381385336345
"6737","Klf3","Sp4",0.439321090402092
"6741","Klf7","Sp4",0.132727124118568
"6742","Klf8","Sp4",0.307713584831927
"6745","Maz","Sp4",0.232912530775583
"6746","Mbd2","Sp4",0.038567141296377
"6747","Mecp2","Sp4",0.0318304963222358
"6758","Nfya","Sp4",0.230759440669703
"6764","Nr4a3","Sp4",0.129308333376015
"6766","Patz1","Sp4",0.281734049042507
"6769","Pknox1","Sp4",0.0186418400421895
"6774","Rfx1","Sp4",0.127266368041136
"6783","Sp1","Sp4",0.502943872559887
"6785","Sp2","Sp4",0.389481813300406
"6786","Sp3","Sp4",0.441609429316016
"6788","Arnt","Srebf1",0.285870482613319
"6789","Arntl","Srebf1",0.277650753814508
"6798","Bhlhe40","Srebf1",0.462407813313612
"6824","Foxn3","Srebf1",0.0682359487239709
"6866","Mlx","Srebf1",0.195818318614585
"6891","Rora","Srebf1",0.338553176379108
"6905","Arnt","Srebf2",0.171987791630641
"6915","Bhlhe40","Srebf2",0.0744265871691276
"6926","Egr2","Srebf2",0.127649443748817
"6950","Hic1","Srebf2",0.328663893367208
"6967","Klf10","Srebf2",0.380047931461425
"6968","Klf13","Srebf2",0.0647631505307354
"6969","Klf2","Srebf2",0.139670490131056
"6971","Klf4","Srebf2",0.030925471008495
"6972","Klf5","Srebf2",0.030579414019423
"6973","Klf6","Srebf2",0.0381103415881087
"6975","Klf8","Srebf2",0.0189360906320627
"6978","Maz","Srebf2",0.0901981847292883
"6999","Patz1","Srebf2",0.216366551893611
"7002","Pknox1","Srebf2",0.0122251740919833
"7005","Rela","Srebf2",0.0174939920629728
"7007","Rfx1","Srebf2",0.0828344872354706
"7008","Rora","Srebf2",0.0548343666211625
"7017","Sp110","Srebf2",0.267176108076826
"7019","Sp3","Srebf2",0.0256761222383862
"7021","Srebf1","Srebf2",1.19158490737608
"7025","Atf1","Stat1",0.0157261801259436
"7031","Bbx","Stat1",0.199600082066981
"7035","Cdx1","Stat1",0.000133139824456971
"7036","Creb1","Stat1",0.0780993181262898
"7058","Foxj3","Stat1",0.323493173807372
"7064","Gata3","Stat1",0.173268072524418
"7070","Hmg20b","Stat1",0.206603437445708
"7075","Irf1","Stat1",0.611112922585861
"7076","Irf2","Stat1",0.329933306602062
"7077","Irf3","Stat1",0.298843810236357
"7078","Irf4","Stat1",0.298263639962632
"7079","Irf7","Stat1",0.148082422251505
"7080","Irf8","Stat1",0.203343504038729
"7081","Isl2","Stat1",0.0100113635717705
"7095","Max","Stat1",0.00281991352842221
"7104","Nfatc1","Stat1",0.189257694178544
"7113","Nr4a1","Stat1",0.0738877166790476
"7122","Rel","Stat1",0.22189993727448
"7127","Runx1","Stat1",0.0793187650482594
"7129","Runx3","Stat1",0.0361595204736511
"7143","Arntl","Stat2",0.0281724217137608
"7150","Bbx","Stat2",0.224459424935884
"7177","Foxj3","Stat2",0.130681371668836
"7179","Foxo1","Stat2",0.0423278182687989
"7189","Hmg20b","Stat2",0.0349168892238174
"7194","Irf1","Stat2",0.582163875853085
"7195","Irf2","Stat2",0.520894555251629
"7196","Irf3","Stat2",0.432589795816766
"7197","Irf4","Stat2",0.33732783698743
"7198","Irf7","Stat2",0.327402931512705
"7199","Irf8","Stat2",0.436299463778394
"7200","Isl2","Stat2",0.129700463925635
"7214","Max","Stat2",0.0737966156459663
"7220","Mlx","Stat2",0.0350057783113954
"7223","Nfatc1","Stat2",0.0300339386893805
"7232","Nr4a1","Stat2",0.161371064103614
"7240","Prdm1","Stat2",0.13500816692609
"7241","Rel","Stat2",0.198734746025075
"7260","Stat1","Stat2",0.95922350386078
"7284","Elf1","Stat3",0.0444932224070222
"7285","Elf2","Stat3",0.334847269057577
"7286","Elf4","Stat3",0.135030856910081
"7287","Elk1","Stat3",0.0206105085920495
"7290","Ets1","Stat3",0.162174313352046
"7292","Etv6","Stat3",0.0905993800077541
"7298","Foxn3","Stat3",0.10049321541602
"7310","Homez","Stat3",0.105575520563583
"7311","Hsf2","Stat3",0.0715018510128726
"7322","Junb","Stat3",0.160397415053403
"7323","Jund","Stat3",0.108385471990896
"7339","Meox2","Stat3",0.0420592739136119
"7365","Rora","Stat3",0.110687938776418
"7388","Atf4","Stat4",0.0102420802785692
"7406","Elf2","Stat4",0.0999168834966702
"7411","Ets1","Stat4",0.00369092588400168
"7413","Etv6","Stat4",0.445432428119135
"7424","Gata3","Stat4",0.21718961867691
"7431","Homez","Stat4",0.00139765631360481
"7432","Hsf2","Stat4",0.113728973074815
"7433","Ikzf1","Stat4",0.113338256301635
"7435","Irf1","Stat4",0.118335342671075
"7438","Irf4","Stat4",0.00587843828307018
"7439","Irf7","Stat4",0.0011063520949832
"7460","Meox2","Stat4",0.0555390860779831
"7464","Nfatc1","Stat4",0.0414633222929923
"7486","Rora","Stat4",0.165461832229184
"7501","Stat1","Stat4",0.0165008876294095
"7502","Stat2","Stat4",0.138080107376273
"7503","Stat3","Stat4",2.17812942115513
"7513","Bbx","Stat6",0.362709655067708
"7516","Cbfb","Stat6",0.311330199102809
"7517","Cdx1","Stat6",0.0689115182495528
"7535","Etv6","Stat6",0.0560794347811378
"7538","Fosb","Stat6",0.0228900922071372
"7540","Foxj3","Stat6",0.109016921260196
"7541","Foxn3","Stat6",0.291414393630815
"7542","Foxo1","Stat6",0.0743918423215114
"7546","Gata3","Stat6",0.21876921123236
"7551","Hlx","Stat6",0.0274063611394327
"7554","Hsf2","Stat6",0.358777411995867
"7557","Irf1","Stat6",0.0521815978128028
"7558","Irf2","Stat6",0.131368348769192
"7560","Irf4","Stat6",0.180125713518312
"7561","Irf7","Stat6",0.0940504834605616
"7562","Irf8","Stat6",0.0885071417634163
"7576","Mafk","Stat6",0.0500855020718802
"7581","Meis3","Stat6",0.0202348450615182
"7594","Nr1i3","Stat6",0.0253960610503023
"7595","Nr4a1","Stat6",0.0637256463120802
"7604","Rel","Stat6",0.374634156751632
"7608","Rora","Stat6",0.236645143477936
"7611","Runx3","Stat6",0.0646202733207315
"7626","Stat4","Stat6",0.351118360392166
"7627","Ahr","Taf1",0.000546794712917164
"7646","E2f3","Taf1",0.11359321787398
"7655","Elk4","Taf1",0.0722834792768889
"7668","Gabpa","Taf1",0.0308035426393899
"7671","Glis3","Taf1",0.159117208391934
"7679","Ikzf3","Taf1",0.078160620211291
"7690","Klf10","Taf1",0.0138632284889171
"7693","Klf3","Taf1",0.0862437179725685
"7700","Max","Taf1",0.0252751722677776
"7701","Maz","Taf1",0.281492318316016
"7702","Mbd2","Taf1",0.16172427039426
"7703","Mecp2","Taf1",0.324344615973257
"7714","Nfya","Taf1",0.229613700553853
"7715","Nfyb","Taf1",0.18417103221581
"7716","Nfyc","Taf1",0.00601153674474569
"7721","Nrf1","Taf1",0.0548295107769357
"7722","Patz1","Taf1",0.0944293311078287
"7730","Rfx1","Taf1",0.168104966518684
"7732","Runx1","Taf1",0.0167005199968739
"7739","Sp1","Taf1",0.32030757441668
"7740","Sp110","Taf1",0.114537614997176
"7741","Sp2","Taf1",0.268175138603893
"7742","Sp3","Taf1",0.17610325119503
"7743","Sp4","Taf1",0.240334913415959
"7745","Srebf2","Taf1",0.181375859638859
"7759","Batf","Tbx21",0.120054770202965
"7763","Cbfb","Tbx21",0.290080888456822
"7782","Etv6","Tbx21",0.0447885602939788
"7784","Fos","Tbx21",0.0422730411542847
"7785","Fosb","Tbx21",0.0593469445362244
"7793","Gata3","Tbx21",0.0793359544561381
"7798","Hlx","Tbx21",0.0779979355365425
"7800","Homez","Tbx21",0.0795916097896619
"7801","Hsf2","Tbx21",0.582432526612318
"7812","Junb","Tbx21",0.00701294829615029
"7813","Jund","Tbx21",0.470311832119929
"7823","Mafk","Tbx21",0.280095793724783
"7828","Meis3","Tbx21",0.600892863878489
"7833","Nfatc1","Tbx21",0.3610488415466
"7834","Nfe2l2","Tbx21",0.17823441105553
"7841","Nr1i3","Tbx21",0.0761828774382077
"7842","Nr4a1","Tbx21",0.0284935564652717
"7848","Phox2b","Tbx21",0.0893742848078466
"7857","Runx2","Tbx21",0.177913173120617
"7860","Smad3","Tbx21",0.559681411925051
"7862","Snai3","Tbx21",0.00694300548724159
"7872","Stat3","Tbx21",0.0208192360276738
"7873","Stat4","Tbx21",0.0444452521011399
"7892","Ctcf","Tcf12",0.819729594677324
"7922","Hic1","Tcf12",0.236376362294616
"7927","Ikzf1","Tcf12",0.0105524623119682
"7928","Ikzf3","Tcf12",0.0322932621370222
"7941","Klf2","Tcf12",0.0466435276658014
"7950","Maz","Tcf12",0.00653987133630024
"7961","Nfkb1","Tcf12",0.00280296868292666
"7985","Smad3","Tcf12",0.518003488568961
"7986","Snai1","Tcf12",0.485646116078778
"7987","Snai3","Tcf12",0.547501113016409
"7988","Sp1","Tcf12",0.0242812411341728
"7989","Sp110","Tcf12",0.000371173606005208
"8001","Tbx21","Tcf12",0.0390847931926202
"8018","Ctcf","Tcf3",0.625739121745277
"8048","Hic1","Tcf3",0.115930583822141
"8052","Hsf2","Tcf3",0.0106193998682194
"8053","Ikzf1","Tcf3",0.0904353277801395
"8079","Meis3","Tcf3",0.0751276503319543
"8111","Smad3","Tcf3",0.383161476880793
"8112","Snai1","Tcf3",0.280902406317
"8113","Snai3","Tcf3",1.10273858432468
"8127","Tbx21","Tcf3",0.339094651105923
"8128","Tcf12","Tcf3",1.57592726766004
"8129","Ahr","Tcf7",0.0461042816760626
"8138","Bbx","Tcf7",0.273309458954732
"8139","Bcl6","Tcf7",0.189890806649715
"8141","Cbfb","Tcf7",0.182144244470353
"8142","Cdx1","Tcf7",0.00745398800562647
"8146","Ddit3","Tcf7",0.0337510972385989
"8165","Foxj3","Tcf7",0.0340414091206878
"8171","Gata3","Tcf7",0.257827373352054
"8174","Gmeb1","Tcf7",0.142657630447993
"8182","Irf1","Tcf7",0.215563479487948
"8183","Irf2","Tcf7",0.425929691010487
"8184","Irf3","Tcf7",0.417929083040756
"8185","Irf4","Tcf7",0.0593211270504655
"8186","Irf7","Tcf7",0.208866037900538
"8187","Irf8","Tcf7",0.219048746522163
"8208","Mlx","Tcf7",0.0695877395194951
"8220","Nr4a1","Tcf7",0.176490037848932
"8228","Prdm1","Tcf7",0.200088944597368
"8236","Runx3","Tcf7",0.140458791169104
"8238","Smad3","Tcf7",0.420942397634296
"8248","Stat1","Tcf7",0.309268335284004
"8249","Stat2","Tcf7",0.317916277121091
"8251","Stat4","Tcf7",0.00132338369268217
"8260","Atf1","Tef",0.102433989814817
"8261","Atf2","Tef",0.0989807083440848
"8262","Atf3","Tef",0.0494897648056522
"8263","Atf4","Tef",0.324237093915276
"8264","Atf7","Tef",0.191883055289987
"8272","Crem","Tef",0.203186194367045
"8273","Ctcf","Tef",0.090360054601187
"8292","Fosl2","Tef",0.12192769398738
"8300","Gfi1","Tef",0.132012800242042
"8309","Ikzf3","Tef",0.0322582507603716
"8316","Isl2","Tef",0.134969117970274
"8317","Jun","Tef",0.0599882840994964
"8335","Meox2","Tef",0.0487965345999667
"8341","Nfil3","Tef",1.00404370811444
"8365","Setbp1","Tef",0.0605637767945187
"8383","Tcf12","Tef",0.150824346080332
"8384","Tcf3","Tef",0.0891231449738472
"8398","Cbfb","Tfdp1",0.0516315780777786
"8400","Creb1","Tfdp1",0.0206492649979058
"8404","E2f1","Tfdp1",0.387804283138917
"8405","E2f3","Tfdp1",1.28604382898372
"8406","E2f4","Tfdp1",0.350471465583068
"8407","Egr1","Tfdp1",0.180688250921659
"8408","Egr2","Tfdp1",0.12904752330734
"8411","Elf4","Tfdp1",0.00376062461600104
"8412","Elk1","Tfdp1",0.0622883610052283
"8413","Elk3","Tfdp1",0.10256431214645
"8414","Elk4","Tfdp1",0.0923372275657208
"8416","Etv3","Tfdp1",0.0142926358023302
"8418","Fli1","Tfdp1",0.16331701664221
"8427","Gabpa","Tfdp1",0.0523301096997158
"8449","Klf10","Tfdp1",0.136106426434113
"8452","Klf3","Tfdp1",0.0850142257936057
"8453","Klf4","Tfdp1",0.0389027591795481
"8454","Klf5","Tfdp1",0.0970200827040749
"8455","Klf6","Tfdp1",0.113010901586655
"8456","Klf7","Tfdp1",0.0716971724986142
"8461","Mbd2","Tfdp1",0.309014177522924
"8462","Mecp2","Tfdp1",0.0736407316656832
"8467","Myc","Tfdp1",0.0453861925675826
"8473","Nfya","Tfdp1",0.0566111652924371
"8474","Nfyb","Tfdp1",0.0687120754029614
"8475","Nfyc","Tfdp1",0.0794969747154531
"8480","Nrf1","Tfdp1",0.0937292047636452
"8489","Rfx1","Tfdp1",0.127603540556353
"8491","Runx1","Tfdp1",0.0510716605954733
"8498","Sp1","Tfdp1",0.00374514818219665
"8500","Sp2","Tfdp1",0.122834418594618
"8501","Sp3","Tfdp1",0.0503987467151747
"8502","Sp4","Tfdp1",0.0713952675942509
"8517","Arnt","Tfe3",0.17586005247478
"8518","Arntl","Tfe3",0.45972622175645
"8521","Atf3","Tfe3",0.0317725588760974
"8527","Bhlhe40","Tfe3",0.646636071719938
"8553","Foxn3","Tfe3",0.0176944744121601
"8555","Foxo3","Tfe3",0.000655428226863546
"8595","Mlx","Tfe3",0.643779705275239
"8620","Rora","Tfe3",0.07422960935229
"8633","Srebf1","Tfe3",0.848400022815476
"8684","Foxn3","Tgif1",0.00749840321222536
"8708","Junb","Tgif1",0.285607252151644
"8719","Mafk","Tgif1",0.0274281677976514
"8724","Meis3","Tgif1",1.42114003588417
"8737","Nr1i3","Tgif1",0.125868613986781
"8743","Pbx4","Tgif1",0.653171991610589
"8744","Phox2b","Tgif1",0.180750865450233
"8745","Pknox1","Tgif1",0.737615493949102
"8751","Rora","Tgif1",0.104715174129876
"8757","Snai1","Tgif1",0.812961640804322
"8764","Srebf1","Tgif1",0.00755137818024936
"8769","Stat4","Tgif1",0.00953716507762446
"8778","Tfe3","Tgif1",0.0438589766732923
"8779","Ahr","Thap11",0.221500149302109
"8797","E2f1","Thap11",0.0013679613217789
"8804","Elf4","Thap11",0.0434129510656519
"8805","Elk1","Thap11",0.107205989231904
"8806","Elk3","Thap11",0.0755418909072569
"8809","Etv3","Thap11",0.118453319728899
"8811","Fli1","Thap11",0.122017748548278
"8816","Foxn3","Thap11",0.0129260121671981
"8820","Gabpa","Thap11",0.0407473949828545
"8828","Homez","Thap11",0.0789511220470808
"8830","Ikzf1","Thap11",0.0855268625913943
"8843","Klf13","Thap11",0.0996448804704482
"8846","Klf4","Thap11",0.160657418445402
"8847","Klf5","Thap11",0.123211089135288
"8848","Klf6","Thap11",0.0360994489483487
"8850","Klf8","Thap11",0.00180692695985513
"8855","Mecp2","Thap11",0.0391841827083681
"8866","Nfya","Thap11",0.124838245374365
"8868","Nfyc","Thap11",0.0252058067553724
"8873","Nrf1","Thap11",0.130946165217774
"8883","Rora","Thap11",0.0339023542776012
"8900","Stat3","Thap11",0.68793766006736
"8901","Stat4","Thap11",0.0235474748095226
"8915","Atf1","Thrb",0.253195767877421
"8916","Atf2","Thrb",0.597235875516149
"8917","Atf3","Thrb",0.0572275878128848
"8919","Atf7","Thrb",0.481417399616685
"8926","Creb1","Thrb",0.11818510213012
"8947","Fosl2","Thrb",0.127304128454067
"8956","Glis3","Thrb",0.00827539165662341
"8958","Hic1","Thrb",0.0200993604899983
"8960","Hmg20b","Thrb",0.108249196336367
"8989","Meis3","Thrb",0.0730269891193263
"9008","Pbx4","Thrb",0.0919177009930483
"9010","Pknox1","Thrb",0.0434160879848038
"9016","Rora","Thrb",0.374526019945146
"9029","Srebf1","Thrb",0.000263906948063932
"9030","Srebf2","Thrb",0.056206493233492
"9043","Tfe3","Thrb",0.029166382040847
"9044","Tgif1","Thrb",0.0173557863047368
"9046","Ahr","Tigd2",0.0767015246092798
"9057","Bhlhe40","Tigd2",0.00549023978377023
"9062","Ctcf","Tigd2",0.146613795897107
"9063","Ddit3","Tigd2",0.117866964419317
"9064","E2f1","Tigd2",0.0712685569168687
"9066","E2f4","Tigd2",0.0428785731511476
"9072","Elk1","Tigd2",0.00536461623554637
"9076","Etv3","Tigd2",0.0754080054081103
"9085","Foxo3","Tigd2",0.210620632625722
"9091","Gmeb1","Tigd2",0.343815134911986
"9094","Hmg20b","Tigd2",0.0457319631405386
"9097","Ikzf1","Tigd2",0.265819504433729
"9105","Isl2","Tigd2",0.0731206645102169
"9111","Klf2","Tigd2",0.0255719338027295
"9116","Klf7","Tigd2",0.0465636665089731
"9117","Klf8","Tigd2",0.0296975527156291
"9125","Mlx","Tigd2",0.17207003687697
"9132","Nfkb2","Tigd2",0.0626946020471112
"9140","Nrf1","Tigd2",0.121996573766202
"9141","Patz1","Tigd2",0.0787728783242165
"9148","Relb","Tigd2",0.137943206474019
"9154","Setbp1","Tigd2",0.0982709386375418
"9156","Snai1","Tigd2",0.125614357610317
"9157","Snai3","Tigd2",0.0156695502239273
"9159","Sp110","Tigd2",0.268474013456833
"9161","Sp3","Tigd2",0.00191519002438802
"9172","Tcf12","Tigd2",0.042667665499453
"9177","Tfe3","Tigd2",0.19044425839826
"9179","Thap11","Tigd2",0.293065607961821
"9194","Cdx1","Tlx2",0.0797517748508669
"9208","Elk3","Tlx2",0.134853434027886
"9222","Gabpa","Tlx2",0.019471064398068
"9226","Gmeb1","Tlx2",0.00653022130751037
"9228","Hlx","Tlx2",1.61482901449707
"9230","Homez","Tlx2",0.0430225884726468
"9240","Isl2","Tlx2",0.643900722457609
"9259","Meox2","Tlx2",0.298471490473922
"9268","Nfya","Tlx2",0.0819536866958715
"9269","Nfyb","Tlx2",0.0980986253638623
"9278","Phox2b","Tlx2",0.235536382995653
"9281","Rel","Tlx2",0.0225083170508427
"9285","Rora","Tlx2",0.0231343174909503
"9304","Stat6","Tlx2",0.017268650524135
"9310","Tef","Tlx2",0.0568179042635529
"9316","Tigd2","Tlx2",0.13302990182546
"9339","Egr2","Trp53",0.0398393640092823
"9354","Foxn3","Trp53",0.440589711679242
"9363","Hic1","Trp53",0.475997847061028
"9368","Ikzf1","Trp53",0.496176986162178
"9369","Ikzf3","Trp53",0.0417470182322142
"9374","Irf7","Trp53",0.0588445657688953
"9376","Isl2","Trp53",0.057016793820772
"9381","Klf13","Trp53",0.0265375851103754
"9394","Meis3","Trp53",0.350905882279845
"9402","Nfkb1","Trp53",0.0648888044182283
"9403","Nfkb2","Trp53",0.0692751661052607
"9408","Nr4a1","Trp53",0.0345450907770194
"9413","Pbx4","Trp53",0.10398447259119
"9414","Phox2b","Trp53",0.111512559132731
"9415","Pknox1","Trp53",0.078444497127901
"9421","Rora","Trp53",0.784222598556842
"9425","Setbp1","Trp53",0.00342118922252053
"9427","Snai1","Trp53",0.0191256881692051
"9428","Snai3","Trp53",0.104288989755696
"9435","Srebf2","Trp53",0.0111085802116523
"9440","Stat6","Trp53",0.0050887875202589
"9449","Tgif1","Trp53",0.27390211127121
"9450","Thap11","Trp53",0.0327719741326075
"9455","Arnt","Usf1",0.48507916337307
"9456","Arntl","Usf1",0.742369619738345
"9465","Bhlhe40","Usf1",0.546912559733118
"9479","Elf4","Usf1",0.0251742804338169
"9481","Elk3","Usf1",0.0193302009243542
"9498","Glis3","Usf1",0.0144582137840854
"9527","Max","Usf1",0.362039646666674
"9533","Mlx","Usf1",0.779950757571853
"9534","Mxd1","Usf1",0.147668061502857
"9562","Setbp1","Usf1",0.00983358818885425
"9571","Srebf1","Usf1",0.548096199982254
"9585","Tfe3","Usf1",1.10599128343838
"9589","Tigd2","Usf1",0.131663640556124
"9593","Arnt","Usf2",0.716025063358727
"9594","Arntl","Usf2",0.622000287809357
"9603","Bhlhe40","Usf2",0.478354131458773
"9617","Elf4","Usf2",0.0546119818540164
"9636","Glis3","Usf2",0.0784530225928063
"9665","Max","Usf2",0.452255099163463
"9671","Mlx","Usf2",0.47367626481803
"9672","Mxd1","Usf2",0.0580745016983054
"9709","Srebf1","Usf2",0.678393920101082
"9710","Srebf2","Usf2",0.0901067502197688
"9723","Tfe3","Usf2",0.898398778802549
"9727","Tigd2","Usf2",0.104689861554234
"9729","Trp53","Usf2",0.0619749951482569
"9730","Usf1","Usf2",0.95832005884678
"9731","Ahr","Wt1",0.150953642219844
"9750","E2f3","Wt1",0.16372175135922
"9752","Egr1","Wt1",0.448495741543565
"9753","Egr2","Wt1",0.517786288838971
"9783","Ikzf3","Wt1",0.355390149842648
"9794","Klf10","Wt1",0.240662302788325
"9799","Klf5","Wt1",0.281962345174413
"9800","Klf6","Wt1",0.555434391730814
"9806","Mbd2","Wt1",0.21279944620801
"9807","Mecp2","Wt1",0.129368669929956
"9812","Myc","Wt1",0.0972340483800598
"9819","Nfyb","Wt1",0.0370727103119105
"9820","Nfyc","Wt1",0.147494409419694
"9825","Nrf1","Wt1",0.052181449653695
"9826","Patz1","Wt1",0.0739181268437265
"9843","Sp1","Wt1",0.0462882841123202
"9844","Sp110","Wt1",0.115268591712017
"9845","Sp2","Wt1",0.168042313686156
"9846","Sp3","Wt1",0.147427197256327
"9849","Srebf2","Wt1",0.170618605884634
"9855","Taf1","Wt1",0.158358891070684
"9861","Tfdp1","Wt1",0.0814720836101722
"9871","Ahr","Xbp1",0.0910668234231236
"9872","Arnt","Xbp1",0.0717423520404736
"9873","Arntl","Xbp1",0.452493616002792
"9874","Atf1","Xbp1",0.248331853167305
"9876","Atf3","Xbp1",0.284725689420247
"9878","Atf7","Xbp1",0.057940630163603
"9882","Bhlhe40","Xbp1",0.00769065767374956
"9885","Creb1","Xbp1",0.490776800822757
"9886","Crem","Xbp1",0.25433769854777
"9950","Mlx","Xbp1",0.593563500710811
"9951","Mxd1","Xbp1",0.0426079100294817
"9968","Phox2b","Xbp1",0.115112143710607
"9988","Srebf1","Xbp1",0.216983503097843
"9990","Stat1","Xbp1",0.0509865208217964
"9998","Tcf3","Xbp1",0.00751997443312774
"9999","Tcf7","Xbp1",0.0891559611618725
"10002","Tfe3","Xbp1",0.805308498079369
"10005","Thrb","Xbp1",0.0628650696507594
"10009","Usf1","Xbp1",0.460577782736002
"10010","Usf2","Xbp1",0.233083361333682
"10012","Ahr","Zbtb17",0.0889813488495228
"10030","E2f1","Zbtb17",0.0428162433468844
"10031","E2f3","Zbtb17",0.202462033019512
"10032","E2f4","Zbtb17",0.0637914616280539
"10033","Egr1","Zbtb17",0.156523462929188
"10034","Egr2","Zbtb17",0.128297110640982
"10060","Hmg20b","Zbtb17",0.0396656077814939
"10064","Ikzf3","Zbtb17",0.146611828422645
"10075","Klf10","Zbtb17",0.230894649109918
"10078","Klf3","Zbtb17",0.215036532089309
"10081","Klf6","Zbtb17",0.234195894928004
"10086","Maz","Zbtb17",0.244744243043217
"10087","Mbd2","Zbtb17",0.215832187263397
"10088","Mecp2","Zbtb17",0.0163977082354849
"10099","Nfya","Zbtb17",0.0424238202764843
"10100","Nfyb","Zbtb17",0.00254184979140471
"10106","Nrf1","Zbtb17",0.0696406117843208
"10107","Patz1","Zbtb17",0.292228263970503
"10115","Rfx1","Zbtb17",0.143211717711507
"10117","Runx1","Zbtb17",0.00620156440189897
"10124","Sp1","Zbtb17",0.377947188106043
"10125","Sp110","Zbtb17",0.0480541469280905
"10126","Sp2","Zbtb17",0.370923869220281
"10127","Sp3","Zbtb17",0.385673170476627
"10128","Sp4","Zbtb17",0.201525375028329
"10130","Srebf2","Zbtb17",0.113033357354032
"10136","Taf1","Zbtb17",0.211544918005819
"10142","Tfdp1","Zbtb17",0.0274474995886679
"10152","Wt1","Zbtb17",0.492624360545515
"10158","Atf2","Zbtb3",0.0245112185723597
"10170","Ctcf","Zbtb3",0.422646801836726
"10198","Glis3","Zbtb3",0.226628156911454
"10200","Hic1","Zbtb3",0.12478394965305
"10205","Ikzf1","Zbtb3",0.252706623135939
"10215","Junb","Zbtb3",0.0136489821671928
"10216","Jund","Zbtb3",0.0335587436644108
"10217","Klf10","Zbtb3",0.0472204414669752
"10226","Mafk","Zbtb3",0.428741828160736
"10239","Nfkb1","Zbtb3",0.0547984913968772
"10244","Nr1i3","Zbtb3",0.174804108564023
"10245","Nr4a1","Zbtb3",0.0375962785367756
"10256","Relb","Zbtb3",0.186205283668203
"10258","Rora","Zbtb3",0.0355134023585315
"10265","Snai3","Zbtb3",0.362441087112979
"10267","Sp110","Zbtb3",0.201367284322782
"10272","Srebf2","Zbtb3",0.0121055988913337
"10280","Tcf12","Zbtb3",0.118115101010994
"10281","Tcf3","Zbtb3",0.308981140549901
"10288","Thrb","Zbtb3",0.169667408079867
"10289","Tigd2","Zbtb3",0.00197787080485459
"10290","Tlx2","Zbtb3",0.110679789514451
"10291","Trp53","Zbtb3",0.288113050491302
"10297","Ahr","Zfp143",0.132005292848668
"10314","Ddit3","Zfp143",0.11401290301233
"10315","E2f1","Zfp143",0.129510973218593
"10316","E2f3","Zfp143",0.10967563402848
"10317","E2f4","Zfp143",0.121811233669834
"10324","Elk3","Zfp143",0.064101219993707
"10338","Gabpa","Zfp143",0.0126882564834981
"10344","Hlx","Zfp143",0.0774158140329271
"10346","Homez","Zfp143",0.0254207049524414
"10348","Ikzf1","Zfp143",0.272377133623576
"10360","Klf10","Zfp143",0.00220882697855099
"10367","Klf7","Zfp143",0.0372452112916717
"10368","Klf8","Zfp143",0.061247645781171
"10372","Mbd2","Zfp143",0.0850169697083342
"10373","Mecp2","Zfp143",0.32735378047389
"10375","Meox2","Zfp143",0.0425056942389164
"10378","Myc","Zfp143",0.221304730130958
"10384","Nfya","Zfp143",0.0163355480108844
"10391","Nrf1","Zfp143",0.326148569240527
"10392","Patz1","Zfp143",0.0124711978793032
"10410","Sp110","Zfp143",0.00159456721198425
"10413","Sp4","Zfp143",0.107560100985216
"10418","Stat3","Zfp143",0.115878318424842
"10421","Taf1","Zfp143",0.0454122537823754
"10427","Tfdp1","Zfp143",0.129979181748044
"10430","Thap11","Zfp143",2.07335214186077
"10432","Tigd2","Zfp143",0.031869172797523
"10433","Tlx2","Zfp143",0.00486641732256568
"10437","Wt1","Zfp143",0.00281906104608903
"10450","Bbx","Zfp212",0.226117296608743
"10451","Bcl6","Zfp212",1.08704849495763
"10486","Gmeb1","Zfp212",0.0121023438151174
"10488","Hlx","Zfp212",0.130153976890511
"10490","Homez","Zfp212",0.0485860554697177
"10495","Irf2","Zfp212",0.0575674563947203
"10496","Irf3","Zfp212",0.786927629288215
"10498","Irf7","Zfp212",0.0622890681866959
"10532","Nr4a1","Zfp212",0.311738163467058
"10540","Prdm1","Zfp212",0.615677362377792
"10541","Rel","Zfp212",0.0314072145647073
"10542","Rela","Zfp212",0.576692913042168
"10550","Smad3","Zfp212",0.171919259986451
"10560","Stat1","Zfp212",0.110875534391791
"10566","Tbx21","Zfp212",0.183173205200366
"10569","Tcf7","Zfp212",0.419547915767421
"10577","Tlx2","Zfp212",0.107354447369688
"10591","Atf3","Zfp260",0.058317653114487
"10596","Bcl6","Zfp260",0.542590379161081
"10621","Fosl2","Zfp260",0.0955086596307698
"10638","Ikzf3","Zfp260",0.469592158879049
"10641","Irf3","Zfp260",0.0261442609278059
"10660","Maz","Zfp260",0.701624450869988
"10662","Mecp2","Zfp260",0.00715363215515551
"10664","Meox2","Zfp260",0.00523855580307795
"10673","Nfya","Zfp260",0.127052572850294
"10685","Prdm1","Zfp260",0.0247920035346353
"10687","Rela","Zfp260",0.734949843442944
"10698","Sp1","Zfp260",0.164967527991337
"10699","Sp110","Zfp260",0.0509662408651571
"10710","Taf1","Zfp260",0.334871823478709
"10721","Tigd2","Zfp260",0.103909552926493
"10726","Wt1","Zfp260",0.13883961573836
"10728","Zbtb17","Zfp260",0.096582097572021
"10731","Zfp212","Zfp260",0.0819261785242342
"10751","E2f3","Zfp263",0.0801956214936989
"10754","Egr2","Zfp263",0.00170315999723611
"10755","Elf1","Zfp263",0.0761039389193681
"10776","Glis3","Zfp263",0.44749241463257
"10778","Hic1","Zfp263",0.186500126389508
"10795","Klf10","Zfp263",0.0519669238952832
"10798","Klf3","Zfp263",0.0430052062140689
"10801","Klf6","Zfp263",0.00378609958336778
"10806","Maz","Zfp263",0.110744895466439
"10807","Mbd2","Zfp263",0.0591758786323695
"10808","Mecp2","Zfp263",0.108079041373396
"10810","Meox2","Zfp263",0.0210949358663857
"10827","Patz1","Zfp263",0.165207092429849
"10830","Pknox1","Zfp263",0.0401122754514943
"10843","Snai3","Zfp263",0.383768930269501
"10844","Sp1","Zfp263",0.0767493777667518
"10846","Sp2","Zfp263",0.100484533329802
"10847","Sp3","Zfp263",0.141690375242189
"10856","Taf1","Zfp263",0.114924598053566
"10858","Tcf12","Zfp263",0.146745809365891
"10859","Tcf3","Zfp263",0.013410488963026
"10872","Wt1","Zfp263",0.191310857487306
"10874","Zbtb17","Zfp263",0.217003263345317
"10875","Zbtb3","Zfp263",0.0290886838371291
"10878","Zfp260","Zfp263",0.277941032192989
"10895","Ctcf","Zfp281",0.0861875248197836
"10898","E2f3","Zfp281",0.0694744796512824
"10899","E2f4","Zfp281",0.0440379432395843
"10901","Egr2","Zfp281",0.0115556820340205
"10923","Glis3","Zfp281",0.0896565025439483
"10931","Ikzf3","Zfp281",0.136013013271777
"10942","Klf10","Zfp281",0.190083262652977
"10944","Klf2","Zfp281",0.0194364240780105
"10945","Klf3","Zfp281",0.0592592273526469
"10953","Maz","Zfp281",0.618307733607541
"10966","Nfya","Zfp281",0.0906498815680517
"10974","Patz1","Zfp281",0.337898290518714
"10977","Pknox1","Zfp281",0.0481838333187532
"10980","Rela","Zfp281",0.127363030137243
"10982","Rfx1","Zfp281",0.159612306498931
"10991","Sp1","Zfp281",0.373104096017926
"10992","Sp110","Zfp281",0.0022376304444718
"10993","Sp2","Zfp281",0.210227108849134
"10994","Sp3","Zfp281",0.286325370559
"10995","Sp4","Zfp281",0.319558242218039
"10997","Srebf2","Zfp281",0.346871094824763
"11003","Taf1","Zfp281",0.231009815913898
"11005","Tcf12","Zfp281",0.111129951165322
"11019","Wt1","Zfp281",0.16464117914861
"11021","Zbtb17","Zfp281",0.439430076368982
"11025","Zfp260","Zfp281",0.274481098315078
"11026","Zfp263","Zfp281",0.28161798881724
"11036","Bbx","Zfp287",0.254466446448993
"11039","Cbfb","Zfp287",0.0823292460626477
"11040","Cdx1","Zfp287",0.336269872145019
"11048","Egr1","Zfp287",0.00819480404956807
"11063","Foxj3","Zfp287",0.404890057129806
"11069","Gata3","Zfp287",0.24746839400527
"11075","Hmg20b","Zfp287",0.336595736395815
"11076","Homez","Zfp287",0.0299946962322086
"11080","Irf1","Zfp287",0.357029090650909
"11081","Irf2","Zfp287",0.103264265666906
"11082","Irf3","Zfp287",0.146465735152061
"11083","Irf4","Zfp287",0.30691310632067
"11085","Irf8","Zfp287",0.20601108240565
"11102","Mbd2","Zfp287",0.0270341361857609
"11109","Nfatc1","Zfp287",0.0579377361464519
"11132","Runx1","Zfp287",0.23428458770564
"11134","Runx3","Zfp287",0.170803128904134
"11137","Snai1","Zfp287",0.02280814361589
"11146","Stat1","Zfp287",0.826397441419904
"11147","Stat2","Zfp287",0.51431313928909
"11155","Tcf7","Zfp287",0.688677542840338
"11172","Zfp212","Zfp287",0.12511698563838
"11176","Ahr","Zfp335",0.0585092596663392
"11192","Ctcf","Zfp335",0.411949468071164
"11199","Elf1","Zfp335",0.0487816637379588
"11200","Elf2","Zfp335",0.170899319974152
"11204","Elk4","Zfp335",0.0377058007447438
"11205","Ets1","Zfp335",0.207024947180277
"11220","Glis3","Zfp335",0.0522860246150487
"11222","Hic1","Zfp335",0.33802855448118
"11227","Ikzf1","Zfp335",0.0950110516302979
"11228","Ikzf3","Zfp335",0.277503858375215
"11250","Maz","Zfp335",0.0803535350617019
"11251","Mbd2","Zfp335",0.0736851376809442
"11252","Mecp2","Zfp335",0.16043850830365
"11274","Pknox1","Zfp335",0.107454739197354
"11279","Rfx1","Zfp335",0.253160062677869
"11285","Smad3","Zfp335",0.0829853277999818
"11288","Sp1","Zfp335",0.0660288736199166
"11289","Sp110","Zfp335",0.331927721353864
"11294","Srebf2","Zfp335",0.0179466716343306
"11300","Taf1","Zfp335",0.113811853413106
"11302","Tcf12","Zfp335",0.176429083622017
"11303","Tcf3","Zfp335",0.178422369636435
"11313","Trp53","Zfp335",0.268370688621899
"11322","Zfp260","Zfp335",0.268439701697676
"11323","Zfp263","Zfp335",0.329790502494385
"11324","Zfp281","Zfp335",0.0319357317894977
"11345","E2f3","Zfp341",0.221216378199231
"11346","E2f4","Zfp341",0.0819627043142117
"11378","Ikzf3","Zfp341",0.273022764396761
"11389","Klf10","Zfp341",0.0891234168058883
"11392","Klf3","Zfp341",0.0740372560961002
"11400","Maz","Zfp341",0.568131625091767
"11401","Mbd2","Zfp341",0.169676096956834
"11402","Mecp2","Zfp341",0.0240803534235123
"11413","Nfya","Zfp341",0.0318009856918184
"11421","Patz1","Zfp341",0.161261686609649
"11429","Rfx1","Zfp341",0.152139439845992
"11438","Sp1","Zfp341",0.499461500586685
"11439","Sp110","Zfp341",0.0894805705612931
"11440","Sp2","Zfp341",0.348860129392519
"11441","Sp3","Zfp341",0.282006731800843
"11442","Sp4","Zfp341",0.239404869266872
"11444","Srebf2","Zfp341",0.0837122462457543
"11450","Taf1","Zfp341",0.270336825249703
"11452","Tcf12","Zfp341",0.0417179610123303
"11456","Tfdp1","Zfp341",0.0712510112771126
"11466","Wt1","Zfp341",0.364728385000138
"11468","Zbtb17","Zfp341",0.443434525589206
"11472","Zfp260","Zfp341",0.347771735307924
"11473","Zfp263","Zfp341",0.225009440601123
"11474","Zfp281","Zfp341",0.41510337895332
"11476","Zfp335","Zfp341",0.161078910332515
"11482","Atf3","Zfp398",0.0892571638104003
"11487","Bcl6","Zfp398",0.564951840383388
"11523","Hic1","Zfp398",0.0318564099235815
"11528","Ikzf1","Zfp398",0.242415643363561
"11529","Ikzf3","Zfp398",0.224060551996581
"11532","Irf3","Zfp398",0.0443644886950736
"11537","Jun","Zfp398",0.037554213945972
"11551","Maz","Zfp398",0.798784364251432
"11576","Prdm1","Zfp398",0.256051272957948
"11578","Rela","Zfp398",0.682726959098736
"11586","Smad3","Zfp398",0.358114677774754
"11589","Sp1","Zfp398",0.0814840033820958
"11590","Sp110","Zfp398",0.187912977065784
"11595","Srebf2","Zfp398",0.120106192887782
"11601","Taf1","Zfp398",0.0514141154772582
"11617","Wt1","Zfp398",0.0191715334987471
"11622","Zfp212","Zfp398",0.344741510226964
"11623","Zfp260","Zfp398",0.698779147769743
"11625","Zfp281","Zfp398",0.235857504553644
"11627","Zfp335","Zfp398",0.184322996286388
"11628","Zfp341","Zfp398",0.297795308976063
"11638","Bbx","Zfp422",0.252702497807341
"11642","Cdx1","Zfp422",0.0560544850090033
"11665","Foxj3","Zfp422",0.560288026181198
"11666","Foxn3","Zfp422",0.110455648865599
"11671","Gata3","Zfp422",0.0977855841974608
"11672","Gfi1","Zfp422",0.270495492759307
"11682","Irf1","Zfp422",0.312125434843282
"11683","Irf2","Zfp422",0.152190839178061
"11684","Irf3","Zfp422",0.259706794106045
"11685","Irf4","Zfp422",0.0299639380053899
"11686","Irf7","Zfp422",0.536301326907653
"11711","Nfatc1","Zfp422",0.0380337884384178
"11713","Nfil3","Zfp422",0.141631014532478
"11720","Nr4a1","Zfp422",0.289055817855885
"11729","Rel","Zfp422",0.0888074010860267
"11748","Stat1","Zfp422",0.678094939280064
"11749","Stat2","Zfp422",0.49791630142073
"11752","Stat6","Zfp422",0.0314561645056215
"11774","Zfp212","Zfp422",0.0902590208361198
"11778","Zfp287","Zfp422",0.458663305388351
"11782","Ahr","Zfp566",0.0251146948252283
"11800","E2f1","Zfp566",0.0637640843932797
"11801","E2f3","Zfp566",0.340539887771324
"11802","E2f4","Zfp566",0.0333623175158262
"11803","Egr1","Zfp566",0.138544719138815
"11804","Egr2","Zfp566",0.151347052771212
"11810","Elk4","Zfp566",0.0499085235952184
"11814","Fli1","Zfp566",0.0896043627114042
"11834","Ikzf3","Zfp566",0.113666299679287
"11845","Klf10","Zfp566",0.129057118258226
"11848","Klf3","Zfp566",0.0771297049655617
"11850","Klf5","Zfp566",0.0859416121789816
"11851","Klf6","Zfp566",0.238372719926746
"11857","Mbd2","Zfp566",0.345043305309084
"11858","Mecp2","Zfp566",0.246371444734208
"11863","Myc","Zfp566",0.10682531619067
"11876","Nrf1","Zfp566",0.272773434077955
"11877","Patz1","Zfp566",0.0419087788032375
"11885","Rfx1","Zfp566",0.332239172751887
"11894","Sp1","Zfp566",0.21501553477375
"11895","Sp110","Zfp566",0.172335047731246
"11896","Sp2","Zfp566",0.317920134411468
"11897","Sp3","Zfp566",0.143812560134034
"11898","Sp4","Zfp566",0.0145281695090263
"11906","Taf1","Zfp566",0.395332677197597
"11912","Tfdp1","Zfp566",0.34592329862999
"11917","Tigd2","Zfp566",0.130218936543489
"11922","Wt1","Zfp566",0.349667650005699
"11924","Zbtb17","Zfp566",0.268985239185684
"11928","Zfp260","Zfp566",0.0476528302339794
"11929","Zfp263","Zfp566",0.0358070331177586
"11932","Zfp335","Zfp566",0.185512396302813
"11933","Zfp341","Zfp566",0.249874637686177
"11954","E2f1","Zfp64",0.137680982122662
"11955","E2f3","Zfp64",0.165692559260922
"11956","E2f4","Zfp64",0.103288274970865
"11957","Egr1","Zfp64",0.136724155846575
"11958","Egr2","Zfp64",0.103994439303712
"11988","Ikzf3","Zfp64",0.0657985812401425
"11999","Klf10","Zfp64",0.103857302844254
"12002","Klf3","Zfp64",0.204198163680654
"12005","Klf6","Zfp64",0.103918271160091
"12009","Max","Zfp64",0.0213531763572395
"12011","Mbd2","Zfp64",0.418111444904756
"12012","Mecp2","Zfp64",0.473244561282873
"12014","Meox2","Zfp64",0.22837570433734
"12017","Myc","Zfp64",0.131349047338259
"12030","Nrf1","Zfp64",0.297743100786821
"12031","Patz1","Zfp64",0.182209153166045
"12034","Pknox1","Zfp64",0.0232311067793602
"12039","Rfx1","Zfp64",0.469228995610535
"12041","Runx1","Zfp64",0.0445683898122515
"12042","Runx2","Zfp64",0.00866488290416075
"12043","Runx3","Zfp64",0.00138535493613206
"12048","Sp1","Zfp64",0.210195532857773
"12050","Sp2","Zfp64",0.268929010827279
"12051","Sp3","Zfp64",0.205746340778729
"12052","Sp4","Zfp64",0.0554474154338115
"12055","Stat1","Zfp64",0.0171934962973257
"12060","Taf1","Zfp64",0.110465255936805
"12066","Tfdp1","Zfp64",0.15241469480127
"12071","Tigd2","Zfp64",0.0134330562243267
"12076","Wt1","Zfp64",0.171588877365861
"12078","Zbtb17","Zfp64",0.175077435392187
"12083","Zfp263","Zfp64",0.308178656136331
"12085","Zfp287","Zfp64",0.0510678413389223
"12086","Zfp335","Zfp64",0.0797903625738911
"12087","Zfp341","Zfp64",0.131994722571008
"12090","Zfp566","Zfp64",0.353436320985726
"12108","Ddit3","Zfp692",0.00351030444097593
"12109","E2f1","Zfp692",0.0549020907015697
"12111","E2f4","Zfp692",0.120148465471835
"12112","Egr1","Zfp692",0.0186596229146337
"12113","Egr2","Zfp692",0.084902341786191
"12114","Elf1","Zfp692",0.0898749271323651
"12117","Elk1","Zfp692",0.0674720365329092
"12119","Elk4","Zfp692",0.0191727013561958
"12132","Gabpa","Zfp692",0.0397707142868363
"12137","Hic1","Zfp692",0.0192884231184895
"12150","Isl2","Zfp692",0.0296767696063733
"12154","Klf10","Zfp692",0.16584374623393
"12155","Klf13","Zfp692",0.0783383798843489
"12156","Klf2","Zfp692",0.393719610873397
"12157","Klf3","Zfp692",0.314063315725076
"12158","Klf4","Zfp692",0.170003735523069
"12159","Klf5","Zfp692",0.0748014976893518
"12160","Klf6","Zfp692",0.0592572696040845
"12161","Klf7","Zfp692",0.210476487529878
"12162","Klf8","Zfp692",0.386692144963977
"12164","Max","Zfp692",0.010045662185871
"12166","Mbd2","Zfp692",0.159678745474835
"12167","Mecp2","Zfp692",0.35956946529992
"12171","Mxd1","Zfp692",0.0964841238410884
"12172","Myc","Zfp692",0.108310730707685
"12185","Nrf1","Zfp692",0.0201534549234916
"12186","Patz1","Zfp692",0.238601241207584
"12194","Rfx1","Zfp692",0.20481421126048
"12202","Snai3","Zfp692",0.0443185718490504
"12203","Sp1","Zfp692",0.0581189032879005
"12205","Sp2","Zfp692",0.172095631242747
"12206","Sp3","Zfp692",0.196775483645372
"12207","Sp4","Zfp692",0.166304442971395
"12217","Tcf12","Zfp692",0.135231902853987
"12221","Tfdp1","Zfp692",0.0420319932411989
"12226","Tigd2","Zfp692",0.0794744017533995
"12235","Zfp143","Zfp692",0.107384196761703
"12238","Zfp263","Zfp692",0.148500029832786
"12240","Zfp287","Zfp692",0.0940378163862366
"12241","Zfp335","Zfp692",0.0549282340362166
"12245","Zfp566","Zfp692",0.0327329368288826
"12246","Zfp64","Zfp692",0.356696139042392
"12266","E2f3","Zfp740",0.0490031504752039
"12268","Egr1","Zfp740",0.131395688801381
"12269","Egr2","Zfp740",0.2762647042286
"12270","Elf1","Zfp740",0.0254088524653239
"12275","Elk4","Zfp740",0.0364785330154197
"12279","Fli1","Zfp740",0.00202943114349478
"12291","Glis3","Zfp740",0.383833190041755
"12293","Hic1","Zfp740",0.102373099673904
"12310","Klf10","Zfp740",0.303177504547077
"12316","Klf6","Zfp740",0.0972120266315426
"12321","Maz","Zfp740",0.329405579494256
"12342","Patz1","Zfp740",0.110692097552541
"12348","Rela","Zfp740",0.216037208219378
"12359","Sp1","Zfp740",0.105270115040316
"12361","Sp2","Zfp740",0.0858298752151056
"12362","Sp3","Zfp740",0.133666563807454
"12365","Srebf2","Zfp740",0.292728640848739
"12371","Taf1","Zfp740",0.0580096981653895
"12377","Tfdp1","Zfp740",0.00694749621319463
"12382","Tigd2","Zfp740",0.00850833358804048
"12387","Wt1","Zfp740",0.35835062673672
"12389","Zbtb17","Zfp740",0.351215114353078
"12393","Zfp260","Zfp740",0.139106283086249
"12394","Zfp263","Zfp740",0.229558060661355
"12395","Zfp281","Zfp740",0.679790753096853
"12398","Zfp341","Zfp740",0.223320893058884
"12399","Zfp398","Zfp740",0.256075454976771
"12401","Zfp566","Zfp740",0.0422849153841267
"12404","Ahr","Zfx",0.00707796724672259
"12420","Ctcf","Zfx",0.0441645791326108
"12422","E2f1","Zfx",0.121008924464793
"12423","E2f3","Zfx",0.160211635190863
"12424","E2f4","Zfx",0.195222313400603
"12467","Klf10","Zfx",0.216400394183642
"12468","Klf13","Zfx",0.0361126355958651
"12469","Klf2","Zfx",0.259403876632903
"12470","Klf3","Zfx",0.220022876287506
"12472","Klf5","Zfx",0.0112836518821048
"12473","Klf6","Zfx",0.0618190798165021
"12474","Klf7","Zfx",0.117204222071365
"12475","Klf8","Zfx",0.167641990342313
"12479","Mbd2","Zfx",0.153706675240798
"12480","Mecp2","Zfx",0.319457850835967
"12498","Nrf1","Zfx",0.235515600423471
"12499","Patz1","Zfx",0.172360895593861
"12507","Rfx1","Zfx",0.396678574195871
"12516","Sp1","Zfx",0.283344302816165
"12517","Sp110","Zfx",0.20420193414361
"12518","Sp2","Zfx",0.306591400770786
"12519","Sp3","Zfx",0.250830696714386
"12520","Sp4","Zfx",0.243679883905137
"12522","Srebf2","Zfx",0.00998265484167542
"12528","Taf1","Zfx",0.243549515470135
"12534","Tfdp1","Zfx",0.0947267173798733
"12539","Tigd2","Zfx",0.118204583154075
"12544","Wt1","Zfx",0.0679419133927659
"12546","Zbtb17","Zfx",0.143000166975219
"12548","Zfp143","Zfx",0.228529846597744
"12551","Zfp263","Zfx",0.0216229681700124
"12554","Zfp335","Zfx",0.115808778782906
"12555","Zfp341","Zfx",0.103999222652835
"12558","Zfp566","Zfx",0.260321157354803
"12559","Zfp64","Zfx",0.287280672865475
"12560","Zfp692","Zfx",0.391322189958115
